,PC1,PC2,PC3,weekofyear,poly_fit,total_cases,reanalysis_dew_point_temp_k,reanalysis_min_air_temp_k,reanalysis_specific_humidity_g_per_kg
0,-0.08908804987100327,2.0587447741692073,0.25382361455618546,26,3.4385603297922938,0,-0.33217231915067735,0.047058823529422464,-0.3742832319758977
1,0.06756767057370852,1.2859567571426154,-0.436769722089174,27,3.456391408813163,0,-0.24271310705332735,-0.8941176470588128,-0.2714161598308308
2,-1.9330098655392929,2.1898108751765215,1.087011647271121,28,3.5128891707626444,0,-0.10705774514931551,-0.18823529411763637,-0.14630755863643538
3,1.0207789243308338,7.386981558999528,-0.6282950475701194,29,3.608053615640742,0,-1.5574702108972436,-2.0705882352941067,-1.4543874891341955
4,1.196889173426532,2.3566466316987134,-2.0461281366840565,30,3.74188474344745,0,-0.9620531623288602,-0.7058823529411765,-0.9615986098821772
5,3.6342141112724953,6.0784977174104196,0.19096078671564398,31,3.914382554182776,0,-2.1074243811529803,-2.1176470588235294,-1.945786272796304
6,2.215999379267216,0.5590422620531789,-2.303247011249103,32,4.125547047846716,0,-1.0317140240691023,-0.42352941176469516,-1.0262380538642397
7,2.9903149262238395,1.4250004505679683,-2.7872441985299674,33,4.37537822443927,0,-0.943721356499696,-1.1294117647058717,-0.9511728931281419
8,4.8529191617891385,1.111259988130161,-1.924705305039976,34,4.663876083960439,0,-1.502474793922978,-0.7999999999999946,-1.4481320590525817
9,4.107472075480082,-0.13239060210744236,-0.6894901673011322,35,4.991040626410216,0,-1.210632447237232,-0.047058823529422464,-1.1499565595173789
10,7.67389353736752,-0.22776796848902903,1.3422920813110997,36,5.356871851788613,1,-2.6669110905835915,-0.7058823529411765,-2.3197219808382346
11,5.24480803953927,-0.5303368817192369,-0.22693212169049226,37,5.761369760095624,0,-1.1248395967163547,-0.329411764705877,-1.06724587315841
12,3.516299643707109,1.1156069677885259,-1.4406771097960944,38,6.204534351331247,0,-1.6036663612171904,-2.2117647058823477,-1.4995655951007898
13,3.4965478619721075,1.054897144605412,2.771816946493468,39,6.686365625495483,0,-1.3418881760707564,-1.411764705882353,-1.2757602084824033
14,2.6447035218634363,0.30767565724613355,-0.2630715206690514,40,7.206863582588337,0,-0.5990834098882135,-0.14117647058824065,-0.6189400521023564
15,2.565059914730986,0.7670943658472492,2.019103111587462,41,7.766028222609803,1,-0.6357470210332857,-0.5176470588235401,-0.6564726324947315
16,4.868739894984504,-0.6645104750680464,1.0010747452666104,42,8.363859545559885,1,-0.9363886343733211,-0.329411764705877,-0.9205907905880077
17,4.394721388603184,-1.2879498333968158,-1.3270030759514406,43,9.00035755143858,0,-0.5763519704752474,-0.5176470588235401,-0.5960034752337463
18,3.351351261372201,-1.5327524177797174,0.8903267183048602,44,9.675522240245886,0,-0.28597616883070126,-0.2823529411764813,-0.2686359686996656
19,3.4883578978586947,-2.314960693965915,1.8820012128638999,45,10.389353611981809,0,-0.28304307977487225,0.6117647058823583,-0.279061685502355
20,4.38626083389774,-1.8981629426577724,6.128164811208179,46,11.141851666646348,0,-0.8205316223131319,0.5647058823529358,-0.7496090356077372
21,4.698337831853206,-1.2497468764930055,2.3182895718247716,47,11.933016404239499,0,-1.4225481210005317,0.2823529411764813,-1.2903562119575152
22,3.3722611384000083,-0.4143807219973555,0.37252600084951426,48,12.762847824761266,0,-0.5719523374047599,0.23529411764705882,-0.572371850545853
23,4.920148540292972,0.1733198699603321,3.063170391862621,49,13.63134592821164,0,-1.2964252977581094,-0.47058823529411764,-1.226411815794734
24,1.8921785020892634,-0.6237449615591467,-1.3794702535681695,50,14.538510714590636,1,-0.6731439046989725,-0.5176470588235401,-0.643266724560877
25,6.3455892794217235,0.1149595820876751,2.369275758776915,51,15.484342183898246,0,-2.432263977920611,0.7529411764705989,-2.0590790616467545
26,-1.4968072741618146,-0.5380502022082514,-0.19598907694667092,1,15.559455306070184,0,0.5946837763043824,0.09411764705881819,0.609209383167601
27,1.6569587728404356,0.7115098740623906,0.00717673874852999,2,14.610619311875698,0,-0.7626031162830373,-0.23529411764705882,-0.7600347523617741
28,-0.39725394850176027,-0.29398215461916455,1.781369275388619,3,13.700450000609827,0,-0.3952337307719031,0.47058823529411764,-0.3993049522050456
29,-3.104584362733476,4.175402372471218,-0.6041286284192587,4,12.828947372272571,0,-0.6350137490259564,-0.329411764705877,-0.6564726324947315
30,-2.40067061413564,2.639782952445038,-3.4744510413853122,5,11.996111426863928,0,-0.7288725941938232,-0.37647058823529944,-0.759339704591146
31,-0.815025243137396,3.4707824090467723,0.31760562803875986,6,11.2019421643839,0,-1.243629697319117,-0.23529411764705882,-1.2034752389261232
32,-2.7853177886189937,3.747312699072771,0.9317042965750514,7,10.446439584832484,0,-0.7149404214351175,-0.329411764705877,-0.7252823631492175
33,-1.3013833793248555,3.9246549495039167,1.9219349923388762,8,9.729603688209684,0,-0.5653528872857142,-1.1294117647058717,-0.5688966116440588
34,-1.0333674078093043,1.3143824600323315,-0.8042489247080877,9,9.051434474515498,0,-0.03299725033855655,0.329411764705877,-0.05456125106468693
35,-2.5955986870320906,-0.3961325870518357,0.09100841705294557,10,8.411931943749925,0,0.3226397799757152,0.8470588235294171,0.30894874022320595
36,-1.1531776500366413,0.5395402712651243,0.9379107886996985,11,7.811096095912967,0,-0.14738771787083121,-0.09411764705881819,-0.17271937445549385
37,0.9331172765128231,-0.1750416445525813,1.4425218094153376,12,7.248926931004625,0,-0.3461044913960688,0.09411764705881819,-0.32284969592769136
38,-4.130213909958234,0.8536737124663236,1.6869177539804379,13,6.725424449024894,0,0.12685609550636495,-0.09411764705881819,0.12059079063665845
39,-1.5194437630459339,0.3806185400350821,-1.176171570548417,14,6.240588649973779,0,-0.06966086148362884,-0.047058823529422464,-0.10251954821109904
40,-0.7590019048588161,-0.04449208918747254,-3.441199472304723,15,5.794419533851276,0,0.15325389546920412,-0.42352941176469516,0.13379669852186057
41,-1.1952319311270008,0.019824294437825976,-1.9946842047314004,16,5.386917100657389,1,0.07919340065844514,-0.09411764705881819,0.04830582103172577
42,0.20068064003779312,-0.2923771771060238,0.5215262554613421,17,5.018081350392116,0,-0.20678276791558434,0.09411764705881819,-0.21998262378262443
43,-1.0954286849974246,-0.38615979349359486,-0.19829839090779555,18,4.687912283055457,0,-0.04692942258394797,0.047058823529422464,-0.0559513466545975
44,-2.2146836227225144,1.4523333927855935,-0.0405248456829347,19,4.396409898647413,0,0.2573785518192748,-0.42352941176469516,0.229018244995405
45,-2.164865338589336,-0.7049520828018946,-1.5665319227235324,20,4.1435741971679825,0,0.5946837763043824,0.7999999999999946,0.5932232841025794
46,-0.607160355479634,0.2691571082082871,-1.0979486389153716,21,3.9294051786171664,1,-0.002199816791915526,0.0,-0.025369244114463275
47,0.3277192891359598,0.3890942767531845,-2.0319882371298026,22,3.753902842994963,1,-0.33437213568592117,-0.5647058823529358,-0.35343179841917133
48,-0.14409442894931532,1.322254085783145,-0.8428763548247851,23,3.617067190301375,0,-0.7039413382456134,-0.7058823529411765,-0.7065160729530299
49,-1.283958636374893,3.0585105713544603,-1.460500167453835,24,3.5188982205364,0,-0.7648029333315662,-0.5176470588235401,-0.7968722849348686
50,-0.8196483697393363,4.456529904305951,2.7563988283925487,25,3.459395933700039,1,-1.1211732356531672,-0.9411764705882353,-1.1124239791250028
51,3.4935683755169116,6.686562408511966,-1.4907319468307914,26,3.4385603297922938,0,-2.699175068658176,-2.1647058823529517,-2.411468288409983
52,0.5139447797886666,3.9214035494841957,-0.44689817034944757,27,3.456391408813163,0,-1.5802016497969245,-0.7999999999999946,-1.5197219808868863
53,1.782837685207539,2.877463624371787,-2.6877148427167574,28,3.5128891707626444,0,-1.2282309805457818,-1.2705882352941122,-1.2125108600902503
54,1.417034963984115,1.8723526556591348,-0.5112590950446164,29,3.608053615640742,0,-0.8806599448784994,-0.8941176470588128,-0.883058210244285
55,0.37981177499071483,1.0662010132113529,-0.6131603786133348,30,3.74188474344745,0,-0.4311640699096461,-0.47058823529411764,-0.44517810599092156
56,2.616448834398394,3.56131319250278,1.441377808756164,31,3.914382554182776,0,-1.220898258419436,-1.5058823529411711,-1.1847089487299363
57,5.473475280019162,3.5855158783575485,1.566285852920504,32,4.125547047846716,0,-2.281209899243264,-0.9411764705882353,-2.073675065121867
58,5.153296942798841,2.1379769165356004,-0.12427272841242376,33,4.37537822443927,0,-1.9541704859403604,-0.47058823529411764,-1.80260642917635
59,3.0511690841973618,1.4272179961677427,1.4337701018457394,34,4.663876083960439,0,-0.9312557287822191,-0.6117647058823583,-0.9289313640301584
60,3.6254763550571285,0.3103276178366973,1.5537830182948094,35,4.991040626410216,0,-1.0808432629316516,0.0,-1.0554300608144636
61,3.037426373390426,-0.24899660296521453,0.5395065116586477,36,5.356871851788613,0,-0.4751604031810641,-0.6117647058823583,-0.47854039966222095
62,4.225537371312857,0.16409088456381546,-0.6173911934236107,37,5.761369760095624,0,-0.876993583815312,-0.9882352941176578,-0.8573414421958556
63,2.4038368071075507,-0.7101198485279447,-1.8150962645286721,38,6.204534351331247,0,-0.6335472044980419,-0.047058823529422464,-0.64048653342971
64,4.1276977627986575,0.16857982541542132,-0.8975969979757086,39,6.686365625495483,0,-0.7882676442385764,-0.6117647058823583,-0.7426585577554954
65,4.238360603972528,-1.6209474171564904,-0.16710728108272677,40,7.206863582588337,0,-0.5455545369286064,-0.5647058823529358,-0.5258036489893515
66,5.36874624949458,-2.1643385079357573,-2.9842767413571076,41,7.766028222609803,0,-1.036113657139619,-1.0352941176470534,-1.0185925282413697
67,4.66541220795667,-2.4234783444471195,-0.3131546778213288,42,8.363859545559885,0,-0.8300641614880065,-0.2823529411764813,-0.7530842745095323
68,-0.21873599884341474,-1.7871945156544569,2.1280541126880896,43,9.00035755143858,0,0.39816681931438863,0.42352941176469516,0.4118158123196204
69,0.6644613016660692,-0.4712328902925334,1.3243356507228947,44,9.675522240245886,0,-0.2698441795367809,-0.47058823529411764,-0.22484795827432924
70,1.0032376627835828,-1.3942900415306219,-1.1911840449339806,45,10.389353611981809,0,0.18698441807170332,-0.23529411764705882,0.19496090355347653
71,0.3440815588083959,-2.2164238270223287,0.363627027353313,46,11.141851666646348,0,0.188450962599647,0.47058823529411764,0.18453518679943962
72,1.1187597879769335,-2.377405096128131,-1.797241340794603,47,11.933016404239499,1,0.4729605866457328,0.5647058823529358,0.501476976530831
73,1.5641266642124068,-2.0204376617328985,-0.9954384130291772,48,12.762847824761266,1,-0.010265811438904869,0.658823529411754,0.0031277150164805813
74,0.8277762329143196,-2.3399522051717065,-0.17627576801694347,49,13.63134592821164,1,0.07699358360991623,0.7529411764705989,0.08514335360481942
75,-1.9443733120348563,-2.6875192883983354,-1.0865610859745674,50,14.538510714590636,2,0.8564619614508165,0.42352941176469516,0.9171155516862117
76,-1.423073502607961,-0.8021875286036418,1.0503383418519052,51,15.484342183898246,4,0.7083409713160427,0.9882352941176578,0.7516941789682743
77,-2.4319582001071005,-2.1388514171724844,-1.70598668680353,52,16.468840336134463,1,0.8623281390492478,0.7999999999999946,0.9157254561449554
78,-1.5806684928581325,-0.7321011445929699,-3.358316676759329,1,15.559455306070184,4,0.1173235563314611,-0.23529411764705882,0.09626411817813788
79,3.844951115044994,-2.9812529186302466,-1.160829429169836,2,14.610619311875698,11,-0.47149404211787665,0.8470588235294171,-0.45629887051558576
80,3.8055547835008356,-0.9450646399374589,2.586257907531706,3,13.700450000609827,16,-0.6291475709142693,-0.5647058823529358,-0.6147697654299331
81,0.3616366042851001,-0.6716737608532055,3.5977974357208384,4,12.828947372272571,23,-0.37030247482366413,0.09411764705881819,-0.3617723718613229
82,-2.5045927459026522,1.2659046242525982,-1.1078618989193876,5,11.996111426863928,12,0.15692025653239158,0.5176470588235401,0.13101650739069537
83,-1.9725438471146834,3.2509820685261843,0.705902896654572,6,11.2019421643839,14,-0.307974335723082,-0.47058823529411764,-0.3395308427146877
84,-1.3313356206839406,-1.2579062577353493,-1.2406076369953283,7,10.446439584832484,18,0.3659028412398331,0.7058823529411765,0.35343179841917133
85,-1.6680700285736032,1.346843257085387,2.9421458351367855,8,9.729603688209684,8,0.14958753440601663,0.42352941176469516,0.12962641180078482
86,-4.012771996525445,0.8990865546819506,1.4595302804314334,9,9.051434474515498,7,0.3505041244665272,0.7058823529411765,0.3430060816651344
87,-0.1214690948771213,-2.862672476488156,-0.0964157963373266,10,8.411931943749925,10,0.44509624215497917,0.7058823529411765,0.45768896610549464
88,0.5009056477726914,-0.7052324599300919,0.6301784913241691,11,7.811096095912967,7,0.20898258496405492,0.37647058823529944,0.18245004343890173
89,-1.4187778977142829,-0.3859969794100077,0.16036542593398728,12,7.248926931004625,10,0.5022914756644593,0.5176470588235401,0.4973066898584077
90,-3.955069171922362,1.2039472506979567,-0.8681712536061406,13,6.725424449024894,5,0.14225481227967088,0.42352941176469516,0.12615117289899058
91,-3.0731620121437935,0.07690787631029367,-0.4441077433466779,14,6.240588649973779,11,0.46709440853401646,0.7058823529411765,0.47437011294114345
92,-3.8024796672856587,1.1752101513302367,-0.7721260955622873,15,5.794419533851276,8,0.26691109048086437,0.5176470588235401,0.24778453519159174
93,-1.5287420025121938,-0.6729865880184109,0.6103866064047566,16,5.386917100657389,18,0.2456461961091272,0.658823529411754,0.25056472632275695
94,-1.5211265799179792,-0.25952033400172814,-0.4243831674033678,17,5.018081350392116,13,0.4106324470318364,0.42352941176469516,0.3902693310409192
95,-1.6782203831249327,0.8223803063203647,1.1143557026650983,18,4.687912283055457,9,0.20091659031709475,-0.09411764705881819,0.18801042570123386
96,-2.076051682902886,-0.04523230379498229,0.8821585557374232,19,4.396409898647413,22,0.314573785328755,0.0,0.29365768897746597
97,-4.396740687222085,1.6616708831780407,0.6083862396091663,20,4.1435741971679825,10,0.20018331779648033,0.42352941176469516,0.15742832320975383
98,-0.5392207221015197,0.6919404351908802,1.0239111861810772,21,3.9294051786171664,5,0.098991750502297,-0.14117647058824065,0.07958297134248904
99,-1.7660078083507134,1.5855331729085032,0.6277214524727431,22,3.753902842994963,13,0.22584784575201938,-0.2823529411764813,0.19565595137275635
100,-0.2887781653138855,1.2985230342893739,-1.5729683356333044,23,3.617067190301375,2,-0.3057745186745531,-0.7058823529411765,-0.3145091224855398
101,0.11965284206273655,-0.6948242834093123,-2.0411364241004666,24,3.5188982205364,11,0.14152153975905649,0.18823529411763637,0.10599478716154577
102,0.7889240440495315,4.482692282244622,0.16526276041814797,25,3.459395933700039,11,-1.0060494961135924,-2.1647058823529517,-0.9761946133572899
103,1.8153800878102455,5.824562761703124,0.365234802147099,26,3.4385603297922938,3,-1.8911090743191636,-1.411764705882353,-1.7275412684402514
104,0.07018319172447751,7.64093065777452,1.9480662160872004,27,3.456391408813163,7,-2.0722273145358225,-2.6352941176470694,-1.9298001737312824
105,0.9255980154040995,4.747834624564104,0.3731952439144719,28,3.5128891707626444,7,-1.479010082502712,-0.8470588235294171,-1.438401390069174
106,-0.6225739517908715,5.4882189321257036,2.335698147343392,29,3.608053615640742,4,-1.2854262145685762,-1.1294117647058717,-1.2660295394989953
107,2.2531685076964734,2.624009796538729,-0.6416975021545785,30,3.74188474344745,5,-1.2362969751927713,-2.2117647058823477,-1.211815812319622
108,1.2321994918639976,0.7603327459148848,-1.7845884606423972,31,3.914382554182776,6,-0.6196150322526506,-0.09411764705881819,-0.6543874891341954
109,4.141412617730502,2.865147011011979,-0.9563632471407886,32,4.125547047846716,7,-1.62053162251844,-1.835294117647048,-1.544743701116035
110,5.79420734896693,1.673842281700069,-0.7839346331800432,33,4.37537822443927,7,-2.1316223645805756,-1.0352941176470534,-1.936055603812896
111,2.8231914084280447,3.5077540601437525,-1.8650509764853136,34,4.663876083960439,4,-1.7349220900507147,-1.9764705882352889,-1.6420503909501165
112,3.569199528145627,0.44153047092036474,0.08037518857496306,35,4.991040626410216,9,-1.0045829515856488,-0.658823529411754,-0.976889661127918
113,1.751691879985285,-0.3691629601566984,2.0841247438355133,36,5.356871851788613,17,-0.6672777271005412,0.42352941176469516,-0.6745438748716385
114,5.2125748477722755,0.5732518600976388,0.5922525483321107,37,5.761369760095624,8,-1.3448212651266145,-1.411764705882353,-1.3014769765308327
115,7.296345535757713,-1.015016338181382,0.04316067292611578,38,6.204534351331247,22,-1.827314390690638,-0.5647058823529358,-1.6768027801626721
116,4.0827048038989755,-0.9915408691201087,0.6171752792253203,39,6.686365625495483,18,-0.7274060496658795,-0.7058823529411765,-0.6036490008566163
117,4.872434597866235,-2.4068260810103244,1.8491509650609381,40,7.206863582588337,21,-1.0353803851322898,-0.5647058823529358,-0.8691572545398005
118,1.9955847114527847,-1.9419765652721197,-0.47143025620331847,41,7.766028222609803,16,-0.08725939530549284,0.18823529411763637,-0.10182450044046827
119,1.3302460856083151,0.03420000143791638,1.7291877743841821,42,8.363859545559885,31,-0.1261228229858089,-0.42352941176469516,-0.11433536055504653
120,-0.23420400562185253,0.47594181875919234,0.13561268673753382,43,9.00035755143858,25,-0.446562786682952,-0.23529411764705882,-0.4528236316137915
121,-0.5652566444025393,-2.383381712988621,-0.83232233187879,44,9.675522240245886,28,0.5484876259844063,0.8941176470588128,0.5751520417256725
122,-1.8633483165801743,-1.9338947490305558,-1.4186372352197743,45,10.389353611981809,26,0.41356553608772373,0.42352941176469516,0.4118158123196204
123,-2.922848359418736,-0.1939830744719214,0.3785647494408555,46,11.141851666646348,18,0.25224564622814366,0.42352941176469516,0.236663770618275
124,-2.1397654641290327,-0.48967806969630046,-0.5787351132285853,47,11.933016404239499,27,0.4876260308984535,0.658823529411754,0.48410078192455136
125,0.2688482475776326,-1.5903301624561068,-0.26474243572128126,48,12.762847824761266,11,0.637213565561142,-0.47058823529411764,0.6634231103469742
126,-0.3222011736068235,-1.7673158666618314,-0.9170601893453132,49,13.63134592821164,38,0.33583868021377733,0.6117647058823583,0.33327541268172656
127,-0.9607520558413463,-0.3829241294515364,0.89895582813952,50,14.538510714590636,29,0.2867094408379722,0.5647058823529358,0.28392701999405806
128,-1.3853444492714067,-0.5863360902196135,0.7275955455972689,51,15.484342183898246,21,0.40843263049662176,0.8470588235294171,0.4090356211884535
129,-3.0891184686482145,-1.1487988847226909,1.8895327269212296,52,16.468840336134463,11,0.40989917502453627,0.37647058823529944,0.39652476107387863
130,1.840810499111341,-1.9717749638770046,-0.5256076018534436,1,15.559455306070184,10,0.020531622107736156,0.047058823529422464,0.015638575179707875
131,2.0853884381755368,-1.5304785119961666,-3.8454351759669496,2,14.610619311875698,5,0.05792850577342284,-0.7058823529411765,0.03718505645840904
132,-1.5737630035108556,0.025015649005410402,-0.7718514570977555,3,13.700450000609827,6,0.03593033888107126,0.18823529411763637,0.004517810606389421
133,0.6513241339041218,-0.47510664480913156,0.5803782896366364,4,12.828947372272571,2,-0.42603116431854415,-0.658823529411754,-0.44100781926984406
134,3.0230006707559673,-0.25985233679873626,3.373472578207079,5,11.996111426863928,1,-0.9334555453174629,-0.23529411764705882,-0.8893136402772452
135,-3.335723190872618,1.3492065587736577,1.8023190803300073,6,11.2019421643839,2,0.19871677378185096,-0.47058823529411764,0.21025195484786904
136,-2.4164347740805994,1.2723264925369602,-1.37362826298317,7,10.446439584832484,2,-0.15985334558830813,0.09411764705881819,-0.19704604691401442
137,-0.603489263146384,0.2723382775090113,3.3243601748360376,8,9.729603688209684,3,0.2881759853659158,-0.23529411764705882,0.2915725456169281
138,-0.24690993942064982,-3.498121336100106,1.210312149148486,9,9.051434474515498,5,0.2969752520202053,0.658823529411754,0.3033883579608738
139,-2.15501914118815,-0.13897310164084167,1.5761403038462514,10,8.411931943749925,1,0.05719523376609356,0.6117647058823583,0.038575152048317886
140,-3.5732255296606477,1.803610647220645,0.5877051981845656,11,7.811096095912967,4,0.056461961245479156,-0.2823529411764813,0.046220677671187885
141,-3.1338651755350098,-2.0752314653333332,0.43569584011416734,12,7.248926931004625,2,0.41136571955245077,0.18823529411763637,0.4048653345160302
142,1.2607445996161446,-4.93523042522588,3.4430704734066824,13,6.725424449024894,4,0.5066911092482612,0.6117647058823583,0.5174630755958525
143,-0.9618698997559816,-1.517259922875901,0.22269513372670896,14,6.240588649973779,0,0.41649862514358194,-0.047058823529422464,0.417376194630605
144,-2.6409684713370734,-1.5072909034695348,1.2502399114823866,15,5.794419533851276,0,0.7838680111680013,0.42352941176469516,0.806602953966929
145,-2.4642904539354245,0.7753658369036529,-0.29435666641454694,16,5.386917100657389,0,0.08139321719371811,0.09411764705881819,0.055256298883968456
146,-0.7937088892719518,-1.357617506918639,-0.7629220559455849,17,5.018081350392116,0,0.34390467434745237,0.18823529411763637,0.3576020851402471
147,-3.299302850500743,-0.5954039650968053,-3.329816821011392,18,4.687912283055457,1,0.16865261224253922,0.47058823529411764,0.13032145962006633
148,-3.4434773364128546,-0.04408612996728822,1.1886489933712285,19,4.396409898647413,1,-0.06526122841311209,-0.047058823529422464,-0.09626411812948539
149,-4.025046559869219,3.3900753346322423,-1.906341822696553,20,4.1435741971679825,1,-0.6489459212713479,-1.3647058823529306,-0.6495221546424905
150,-2.2986599365090847,3.0256191231595393,0.6110992152827497,21,3.9294051786171664,1,-0.4084326304966801,-0.658823529411754,-0.4403127714992167
151,-2.8718984211002088,-1.676917436401845,-0.18780209448290777,22,3.753902842994963,1,0.12758936751366506,0.14117647058824065,0.09626411817813788
152,-3.3888104547985733,1.0120085591062136,0.5716143335876686,23,3.617067190301375,2,0.1517873509412896,0.5647058823529358,0.11225021719450692
153,-2.3295752866636654,0.029558112317525642,-2.083300101556373,24,3.5188982205364,3,0.14665444535018762,-0.09411764705881819,0.12059079063665845
154,0.3808233069257275,2.3072201105049572,-1.8732537217758907,25,3.459395933700039,4,-0.9510540786260417,-0.9411764705882353,-0.9456125108658089
155,-2.816896014463933,2.9278553548787443,-0.16373660394969797,26,3.4385603297922938,6,-0.6614115489888248,-0.5647058823529358,-0.6981754995595317
156,-1.9643147123280444,3.515828566614757,-1.4356492670869303,27,3.456391408813163,2,-0.9209899176000151,-0.6117647058823583,-0.9289313640301584
157,0.4271858956724044,2.668955124693215,1.801744012592149,28,3.5128891707626444,2,-0.8608615950346477,-0.7529411764705989,-0.8768027801626713
158,1.562215093284342,3.9536163188957554,0.9296035173570668,29,3.608053615640742,5,-1.123373052188411,-2.682352941176465,-1.0331885317164817
159,3.0062051378306593,5.485485901025162,-0.5870491138164272,30,3.74188474344745,1,-2.043629697524425,-1.7882352941176525,-1.879061685453705
160,1.004055269467397,3.3681678924631857,1.173841874145339,31,3.914382554182776,1,-1.358753437372006,-0.8470588235294171,-1.3306689834810572
161,1.8598884619763163,1.541969685242793,0.9328911169231455,32,4.125547047846716,0,-1.4298808431269068,-1.0352941176470534,-1.3800173761687258
162,0.8581719461615076,1.6346363981786818,0.49370251111798813,33,4.37537822443927,0,-0.8791934003505266,-0.7999999999999946,-0.891398783637784
163,3.0080754218342145,0.7191720532319162,-2.7488577326260955,34,4.663876083960439,0,-1.1908340973934095,-0.47058823529411764,-1.1728931363859898
164,1.6147478549836618,0.581327023208136,0.6132409784662867,35,4.991040626410216,0,-0.4612282309356727,-0.8470588235294171,-0.47437011294114517
165,5.032391572727146,4.209358598516038,-0.32734718620679737,36,5.356871851788613,2,-2.4953253895418075,-1.835294117647048,-2.1765421372669325
166,3.32016037702988,0.5048478004014176,1.6963103894550438,37,5.761369760095624,0,-0.977451879102166,-0.47058823529411764,-0.9602085143409208
167,2.8305391191070157,1.988016334902769,-2.0881918047172925,38,6.204534351331247,3,-1.1021081578166738,-2.25882352941177,-1.0262380538642397
168,0.6584864414343472,-1.8578978784025924,-2.37716125443574,39,6.686365625495483,0,-0.048395967111891654,0.0,-0.07680278016266963
169,0.8872018304490205,-2.734813788245564,1.5029780101168813,40,7.206863582588337,0,-0.0014665442713011187,-0.047058823529422464,0.014943527360426348
170,-0.0025786154395706085,-0.43772283814341423,1.3730246267254111,41,7.766028222609803,0,0.2471127406370417,-0.23529411764705882,0.24013900956872172
171,-0.22238394725876037,-1.0797876019669497,0.11609943000209384,42,8.363859545559885,2,0.1899175066142764,0.37647058823529944,0.18314509120952904
172,2.519712913698026,-2.6885451707046446,-3.085576845611193,43,9.00035755143858,2,0.20164986232442403,0.7529411764705989,0.23110338835594116
173,2.129915616966432,-0.872068675469064,4.443462332846702,44,9.675522240245886,3,-0.2749770851279121,-0.329411764705877,-0.2665508253391277
174,0.47276648887832895,-2.028527504989665,-2.8996883122681925,45,10.389353611981809,3,-0.04692942258394797,-0.329411764705877,-0.014943527360426348
175,2.063419245860591,-0.7344553372926579,-0.5055698582229675,46,11.141851666646348,3,-0.09532538943916788,-0.9882352941176578,-0.06220677668755693
176,-1.357210128507224,-3.0557539097700523,-0.3449138995764216,47,11.933016404239499,1,0.4590284144003414,0.8470588235294171,0.4660295395476444
177,0.11732021466946017,-2.2734716826279464,0.03726248886898087,48,12.762847824761266,2,0.35857011911345815,0.6117647058823583,0.4132059079095292
178,0.639490805683479,-2.5447047797437827,-1.829965384184421,49,13.63134592821164,3,0.1561869845250623,0.23529411764705882,0.15812337098038115
179,-1.4483640976906522,-3.74274520585303,-1.301217191455252,50,14.538510714590636,6,0.7736021999857974,0.8470588235294171,0.8205039096227602
180,-1.285218700725385,-1.3113179852089054,2.213223934720322,51,15.484342183898246,5,0.5235563700361965,0.5176470588235401,0.5410947002837441
181,-3.173396575408429,1.014300944180638,-1.3720798059173394,52,16.468840336134463,1,-0.07626031160267449,0.6117647058823583,-0.12059079058800597
182,-0.30464079943438954,0.30620036862548333,1.0637884829241082,1,15.559455306070184,4,-0.17372156974624764,-0.06274509803921212,-0.15793075114144342
183,-2.7643658279239443,-0.7768167391805811,-0.6260625728618413,2,14.610619311875698,5,0.41356553608772373,0.8941176470588128,0.40625543005728654
184,-1.4575261930398289,-2.1485452774052005,-1.3852763520139244,3,13.700450000609827,8,0.6100824930776884,0.7058823529411765,0.6286707211344167
185,2.511793524993939,-2.014076704601802,-0.12800670823756596,4,12.828947372272571,5,0.030064161282640008,0.2823529411764813,0.034404865327242115
186,5.488524383064484,-0.8600819574659624,3.093493874127838,5,11.996111426863928,2,-1.5391384050680503,0.09411764705881819,-1.3973935707750045
187,4.185905066725988,-0.3645918612318764,5.221272307773704,6,11.2019421643839,3,-0.9459211730349398,0.09411764705881819,-0.9018245004404726
188,0.4758370345935754,-0.7056860099642913,-0.5618063339611743,7,10.446439584832484,3,-0.09825847849502607,0.8470588235294171,-0.11989574281737693
189,0.4095362697442503,0.32213989293305345,1.4637705478225416,8,9.729603688209684,1,-0.09679193396708238,-0.18823529411763637,-0.10321459598172808
190,-1.1754709885328702,-1.6373228252001346,-1.0379866881696094,9,9.051434474515498,6,0.265444546466235,0.6117647058823583,0.2575152041749996
191,-0.5190438723642139,-0.9093026093233594,1.7197380285482113,10,8.411931943749925,4,0.3204399634404714,0.09411764705881819,0.3277150304193944
192,-2.0952245369254383,-0.31580078821643326,-1.428515858242991,11,7.811096095912967,1,0.12172318991526299,0.23529411764705882,0.09209383145706211
193,-1.2883407675909615,-2.552981225648434,-3.2189763271169287,12,7.248926931004625,2,0.4054995414407344,-0.047058823529422464,0.4027801911554923
194,-3.9256521535313462,-1.2533438003210566,0.44945898531684525,13,6.725424449024894,3,0.39816681931438863,0.47058823529411764,0.3972198088445077
195,-3.935325786910828,-0.251057298201553,1.9153180992817447,14,6.240588649973779,1,0.5052245647203175,0.37647058823529944,0.5105125977436098
196,-1.7490664883833387,-1.4087079047402848,-1.9991590458704684,15,5.794419533851276,8,0.6900091660001345,0.5647058823529358,0.6835794960844173
197,-0.7205550998135926,-0.6548988250113563,1.4551922609023622,16,5.386917100657389,4,0.41356553608772373,-0.047058823529422464,0.4319721981057177
198,-2.340476519499139,-1.8320943724023988,-1.36094886765291,17,5.018081350392116,6,0.48249312530735156,0.42352941176469516,0.4806255430227571
199,-3.7800772444028317,0.014962520339417418,-0.6352782345732977,18,4.687912283055457,7,0.45022914774608114,0.2823529411764813,0.44726324935145767
200,-2.4737704430263636,0.06952166909780831,2.077160851123576,19,4.396409898647413,5,0.5154903759025214,0.047058823529422464,0.5306689834810546
201,-2.296602535323261,3.1031224817175285,0.8952598861580178,20,4.1435741971679825,8,-0.2881759853659742,-0.18823529411763637,-0.3124239791250019
202,-3.171871258814874,-0.7200684503016557,-0.08823519923260142,21,3.9294051786171664,6,-0.005866177855102994,-0.47058823529411764,-0.009383145098094228
203,-0.8306908361460744,1.8455526639325754,2.338738033263189,22,3.753902842994963,5,0.0652612284130829,-0.6117647058823583,0.038575152048317886
204,-2.8237610452184914,1.9920996088728051,1.6470461380873382,23,3.617067190301375,6,-0.06892758947629955,-0.09411764705881819,-0.1011294526211902
205,-3.893547033432299,3.130097649148385,-0.9125285627832891,24,3.5188982205364,6,-0.4318973419169462,0.0,-0.48688097305571826
206,-1.5101523514987696,2.131370459671372,-1.5261422485791794,25,3.459395933700039,13,-0.5778185150031911,-0.42352941176469516,-0.6238053865940612
207,-0.9489642907954945,5.7123784770614545,-0.01917497061854645,26,3.4385603297922938,2,-1.0119156737119945,-1.5058823529411711,-1.0255430060449582
208,-2.098344694738998,3.231082004552765,-1.332538676665146,27,3.456391408813163,10,-0.40549954195410703,-0.5647058823529358,-0.44100781926984406
209,-0.7676742304416404,1.70928799671746,-2.1459487959929087,28,3.5128891707626444,3,-0.5220898260216255,-0.5647058823529358,-0.568201563824779
210,1.2431002339273634,1.994659777620202,0.6052369301889232,29,3.608053615640742,12,-0.7560036661639916,-0.7529411764705989,-0.759339704591146
211,-0.8928637402006184,2.1847269564280727,-1.2063078418697988,30,3.74188474344745,7,-0.4282309808537587,-0.5647058823529358,-0.45768896610549464
212,-0.7445367569942618,2.580597476628486,0.18486738240177972,31,3.914382554182776,6,-0.6980751606471822,-0.6117647058823583,-0.7030408340512356
213,2.865941812562885,2.7860893162342926,0.29987244461402823,32,4.125547047846716,5,-1.379285059736414,-0.9411764705882353,-1.3264986967599806
214,2.5624316955498445,4.918318112473386,0.3541080520021721,33,4.37537822443927,6,-1.8522456461255625,-2.3058823529411656,-1.7497827975382332
215,3.9859360413832743,1.0870990890207046,-1.489257015579598,34,4.663876083960439,6,-1.2370302477133857,-1.3176470588235347,-1.1965247610738812
216,2.4745146987261766,0.9733628287263356,-0.10815880146139867,35,4.991040626410216,6,-0.6489459212713479,-0.8941176470588128,-0.6536924413635663
217,-0.3003394960063071,-0.261334177940744,-2.5275699687743014,36,5.356871851788613,8,-0.4326306139242755,-0.6117647058823583,-0.45560382274495675
218,-0.7661205439839428,-0.35892411064354207,3.4665961684177375,37,5.761369760095624,6,0.14592117334282917,0.7999999999999946,0.1212858384072875
219,-0.12063483257336327,0.528122415094733,-0.23720844595147678,38,6.204534351331247,9,0.02493125569153803,0.14117647058824065,0.009383145098094228
220,3.9231275820813156,-0.06133094396714188,-0.20098255319506642,39,6.686365625495483,12,-0.743538038446544,-0.2823529411764813,-0.7391833188537011
221,1.7444402028439514,-2.9807605316702364,0.8834724129661724,40,7.206863582588337,19,0.14592117334282917,0.37647058823529944,0.14144222414473231
222,-0.049720720725073025,1.1619961162302048,-0.2253703336803961,41,7.766028222609803,8,-0.26544454646629334,-0.14117647058824065,-0.29018245002701926
223,-0.12474693062702935,-2.035344604008321,-1.8392511457009562,42,8.363859545559885,16,0.5316223646831859,0.14117647058824065,0.5480451780873326
224,1.8550256099952427,-1.5030957095537651,1.375553644322531,43,9.00035755143858,21,0.23831347398275224,-0.09411764705881819,0.23388357948710808
225,1.4552890360313684,-1.344270563372693,0.09132267025834148,44,9.675522240245886,6,0.03886342793692945,-0.37647058823529944,0.05664639442522481
226,1.4234332163015817,-3.3429678641977985,-1.1509011144256212,45,10.389353611981809,22,0.1781851514174139,0.6117647058823583,0.18731537793060482
227,-2.367146698017597,-0.15933035085791264,-2.6373695494493097,46,11.141851666646348,37,0.3351054076931921,-0.2823529411764813,0.3409209383045983
228,0.9838006788349524,-2.235568418224824,2.189381657274187,47,11.933016404239499,33,0.1363886341679545,0.2823529411764813,0.1546481320785869
229,-1.7570183766029956,-1.3007125902328118,1.3423151976213055,48,12.762847824761266,18,0.6100824930776884,0.2823529411764813,0.6293657689050458
230,0.43245187895917436,-1.241231508367183,2.2678762618634103,49,13.63134592821164,83,0.3123739687935112,0.14117647058824065,0.33536055604226445
231,-1.1817512463652304,-1.1354805246299975,-1.4409403598377164,50,14.538510714590636,116,0.3813015580131682,0.7058823529411765,0.382623805369395
232,-0.06970272266624972,-1.4134591421034468,0.9171850507623172,51,15.484342183898246,32,0.28450962430272836,0.37647058823529944,0.30130321460033593
233,-1.557612568573903,-2.500868967591213,-2.411213666583149,52,16.468840336134463,7,0.6628780935166809,0.8470588235294171,0.69817549955953
234,-1.639539184708892e-15,3.7664959033969415e-14,-1.1312099247473227e-14,53,17.4920051712993,9,-0.17372156974624764,-0.06274509803921212,-0.15793075114144342
235,-0.896440247757192,-1.6806815073551848,-0.08514411206864764,1,15.559455306070184,10,0.45242896428132495,0.23529411764705882,0.46185925282657037
236,-1.5341143168429459,-1.8259697939012733,-1.9888058070222048,2,14.610619311875698,5,0.4597616864076707,-0.658823529411754,0.4806255430227571
237,1.5967776698506206,-3.8274889008891555,-0.3010435260380212,3,13.700450000609827,8,0.38423464706899724,0.9411764705882353,0.4076455256471971
238,1.671346112469028,-3.0799540348967325,0.2531835448551468,4,12.828947372272571,7,0.5646196147650415,0.8941176470588128,0.5960034752337446
239,-0.7756948667612162,-2.417384599120573,3.296232489388774,5,11.996111426863928,8,0.5521539870475938,1.0823529411764758,0.5911381407420415
240,-2.687442997212201,1.1207755069282048,-0.04174488623826372,6,11.2019421643839,11,0.0843263062495763,0.5647058823529358,0.07541268462141154
241,-4.735847344713554,-1.570265144409928,0.1914520183915314,7,10.446439584832484,6,0.7134738769071447,0.7058823529411765,0.7426585577554954
242,-0.6196521504694171,-1.4769350667688268,1.1391771436304987,8,9.729603688209684,7,0.3651695692325038,0.658823529411754,0.3798436142382298
243,-1.369752193402769,-1.5782044038660101,-0.09107791571402173,9,9.051434474515498,7,0.6232813933157505,0.658823529411754,0.6377063422985448
244,-5.648151378263962,-2.0084345654638174,1.2398759339140695,10,8.411931943749925,14,0.8711274062168224,1.2235294117647166,0.9018245004404717
245,-2.785690500086264,-0.6768587244121955,0.5886015143504337,11,7.811096095912967,7,0.009532538918232107,-0.5176470588235401,-0.010773240639350585
246,-1.7173647031184234,-0.9811850059432243,1.3102734407582872,12,7.248926931004625,9,0.21558203456978625,0.7999999999999946,0.1942658557828475
247,0.40078288685741037,-1.1433278694583304,-2.805351591371248,13,6.725424449024894,13,0.13198900109746695,0.0,0.0990443093093048
248,-0.9002452669022651,-0.7739937375694463,-0.44673049796090514,14,6.240588649973779,16,0.20751604043611122,-0.2823529411764813,0.2297132928146848
249,-3.012993537206502,-0.06942977514149928,1.490788386001976,15,5.794419533851276,7,0.7039413382455552,0.9411764705882353,0.7127715030346427
250,-2.7455561245881004,-1.087843019837099,0.8241274062668609,16,5.386917100657389,9,0.5800183315383766,0.47058823529411764,0.572371850545853
251,-3.0472198161533877,-1.3911319906953354,1.1048021365486886,17,5.018081350392116,2,0.8065994500676821,0.5176470588235401,0.8427454387693953
252,-2.7851611243058487,2.008715470585594,1.5944077307642561,18,4.687912283055457,13,0.3820348305337534,0.14117647058824065,0.3701129452548219
253,0.20309246265446323,-0.7795508040310011,1.2901640052425787,19,4.396409898647413,8,0.2617781848897624,0.2823529411764813,0.25264986968329656
254,-1.9734335730459487,-0.12918858748553513,0.4746896680439438,20,4.1435741971679825,3,0.26764436300147876,0.2823529411764813,0.26099044307679387
255,1.0552168480932247,-1.0451037570100137,-0.4671875571911696,21,3.9294051786171664,5,-0.01393217250206316,0.47058823529411764,-0.006602953966927304
256,1.270560918826438,-0.8724826366311358,-2.447259262535918,22,3.753902842994963,4,-0.07846012813791828,-0.14117647058824065,-0.10738488270280384
257,-2.581366887344134,1.5943401220967075,2.199543361288743,23,3.617067190301375,8,0.20311640685233853,0.329411764705877,0.17897480453710576
258,-1.3237008268911223,0.10992323125204503,-0.36949683206661094,24,3.5188982205364,2,-0.26251145741043513,0.18823529411763637,-0.29018245002701926
259,0.9181113834410298,0.7733906335548797,-0.7861612896341316,25,3.459395933700039,3,-0.6093492210704174,-0.5176470588235401,-0.6092093831189485
260,0.5741997681600266,2.187095956510147,-0.04620826260816946,26,3.4385603297922938,5,-0.7303391382084526,-0.2823529411764813,-0.7509991311976469
261,1.4059337081571919,1.204403312755824,1.6710799648464527,27,3.456391408813163,7,-0.6687442711151705,-1.2235294117647166,-0.672458731511104
262,3.1428609150536913,2.3601984132454756,-3.378537912040758,28,3.5128891707626444,3,-1.848579285062375,-2.2117647058823477,-1.6990443092606549
263,3.7346356573717254,4.521440898046336,2.2901961227086405,29,3.608053615640742,5,-1.7327222730021858,-2.588235294117647,-1.5711555169350926
264,0.2940084826290558,5.658312943623493,-3.1219441071504983,30,3.74188474344745,6,-1.0683776352141747,-1.3647058823529306,-1.0512597740933887
265,3.496122626495171,2.748986224245724,-0.47605285713169804,31,3.914382554182776,5,-1.4350137487180088,-0.18823529411763637,-1.36820156382478
266,3.4800761541780956,0.7369766984888677,0.7236339066035675,32,4.125547047846716,5,-1.1248395967163547,0.23529411764705882,-1.1047784535021328
267,5.87458364037788,2.4700577883408448,-0.20304314351424296,33,4.37537822443927,4,-2.0802933086694972,-1.0823529411764758,-1.8637706342079643
268,2.109176818234378,-0.7351897665454222,-0.39659520328854947,34,4.663876083960439,0,-0.45462878081662705,-0.047058823529422464,-0.4771503040723104
269,3.480396395322744,0.35652087255918663,-2.568601150106346,35,4.991040626410216,0,-0.9818515121726827,-0.2823529411764813,-0.969244135505048
270,3.8323764352889413,-0.6285486731936513,0.4167903792808942,36,5.356871851788613,0,-0.9371219063806504,0.18823529411763637,-0.9254561250797116
271,1.2512494458614107,0.19454920665887745,1.1602398700478764,37,5.761369760095624,0,-0.08872593932012222,-0.047058823529422464,-0.09626411812948539
272,3.5193343172941756,3.108123857930818,1.9149247147737847,38,6.204534351331247,0,-1.1681026579804434,-0.2823529411764813,-1.148566463927469
273,7.326496704293241,-3.716611752864286,-0.8764821219156589,39,6.686365625495483,2,-1.0669110906862602,0.8470588235294171,-1.016507384880831
274,4.925875694819885,-1.6218175511619126,0.15243129702024033,40,7.206863582588337,4,-0.9928505958755012,-0.42352941176469516,-0.9657688966032537
275,3.833304067215494,-2.7875238207801125,-0.6913224843246006,41,7.766028222609803,4,-0.7420714939186003,0.09411764705881819,-0.7322328410014594
276,3.0362492118519997,-2.980190331062513,0.2687081293578132,42,8.363859545559885,3,-0.032263977817942144,-0.5176470588235401,-0.0017376194752242256
277,-0.4691015526353829,-1.7616054162028258,-1.650267865902014,43,9.00035755143858,3,-0.014665444509392436,0.47058823529411764,-0.027454387475001157
278,0.0071115425575531965,-2.115340963378598,2.4083161911757736,44,9.675522240245886,5,0.5000916591292156,0.8941176470588128,0.5494352736772431
279,0.6647217633623276,-2.501145106259551,-2.264637088827844,45,10.389353611981809,6,0.2713107240646662,-0.047058823529422464,0.2693310165189471
280,0.2165284196115979,-2.4617979291625987,-3.166736091936328,46,11.141851666646348,14,0.5462878094491626,0.9411764705882353,0.5654213727422646
281,-0.03629652640913272,-3.1662888661042894,0.891012847800743,47,11.933016404239499,3,0.8021998164839095,1.0352941176470534,0.8629018245068402
282,0.8964507749514795,-2.768994498092485,-1.3152931853330683,48,12.762847824761266,7,0.40109990837024684,0.5176470588235401,0.4298870547451798
283,0.6744005249343964,-2.750259065281898,0.23691516433136628,49,13.63134592821164,11,0.42383134726992766,1.1294117647058717,0.45907906169540347
284,-0.8039612154166911,-1.7849916496547058,1.7178259407413075,50,14.538510714590636,2,0.6958753435985949,1.1294117647058717,0.7419635099848664
285,-4.135815037268333,-2.2892677247717432,1.4030852020387008,51,15.484342183898246,6,0.6980751601338095,1.1764705882352942,0.7273675065097537
286,-3.2716507945587496,-2.39119546395267,-1.413458459157892,52,16.468840336134463,8,0.5668194318135996,0.8941176470588128,0.5661164205128937
287,3.1065470414856686,1.6530902475405682,1.3471509323693995,1,15.559455306070184,25,-1.515673693647755,-0.2823529411764813,-1.4092093831189494
288,-0.887848015561097,-1.8715218038495487,1.1858140591718225,2,14.610619311875698,21,0.2771769016630683,0.23529411764705882,0.36246741963195017
289,-1.3311170608209608,-0.818892965283301,2.5467671491430375,3,13.700450000609827,10,0.2515123737075584,0.9411764705882353,0.25334491745392385
290,-2.930514002151509,0.9838203999244216,1.6331370502716722,4,12.828947372272571,28,-0.027864344747454577,0.658823529411754,-0.027454387475001157
291,-1.5967758181510747,-0.46259405231297424,-2.7892190108577433,5,11.996111426863928,39,0.4186984416788257,0.6117647058823583,0.41042571677836404
292,-3.3209048856530323,-0.44642735593417715,0.43327566909276777,6,11.2019421643839,20,0.5015582036571592,0.47058823529411764,0.4973066898584077
293,-0.7923768998204639,-0.0938443349168355,-0.8991431693882084,7,10.446439584832484,24,-0.23978001851075428,-0.09411764705881819,-0.24013900956872172
294,1.0227169913589376,-0.5263688411363462,2.434489397031242,8,9.729603688209684,28,0.06672777242771229,-0.047058823529422464,0.09000868809652424
295,-2.0396937497389516,-0.5943223918492352,2.142144005568345,9,9.051434474515498,26,0.47882676424419324,0.9882352941176578,0.4771503040723104
296,-2.2513608113588464,-2.413527275970808,-3.3733647310611845,10,8.411931943749925,8,0.7061411547807989,0.7999999999999946,0.7211120764767942
297,-2.9705053680523137,-0.904019989610819,1.7299026948603051,11,7.811096095912967,9,0.3849679190763265,0.7058823529411765,0.37914856646760076
298,-2.8529752918733933,-0.3474295267666753,-0.5987171211983117,12,7.248926931004625,12,0.23831347398275224,-0.23529411764705882,0.2387489139788129
299,-2.979148713801761,-1.7448419016036185,0.793467498592123,13,6.725424449024894,18,0.6342804765053129,0.8470588235294171,0.6390964378884536
300,-0.8020393533703388,-0.6436845259673415,0.8391162057280648,14,6.240588649973779,9,0.11072410621241545,0.37647058823529944,0.09209383145706211
301,-1.49853667555326,-1.024996677723241,-0.5629988744518918,15,5.794419533851276,9,0.5822181485869055,-0.047058823529422464,0.6293657689050458
302,-1.3110156192549778,-0.7548263246909654,-1.2380353092938021,16,5.386917100657389,6,0.32117323544780063,0.42352941176469516,0.3221546481570623
303,-1.360320871920694,2.4626537943930535,0.4842565721367427,17,5.018081350392116,6,-0.40036663636300507,-0.6117647058823583,-0.4194613379424904
304,-2.301729354412613,0.31330482783594926,2.5684188562079893,18,4.687912283055457,8,0.28377635178214317,0.2823529411764813,0.26377063425661323
305,-4.408214192174073,2.47691705310826,-2.3637167840157662,19,4.396409898647413,5,-0.19431714019810745,-0.5647058823529358,-0.21581233711020287
306,4.5350236336698515,6.585716840168267,-2.89585864561173,20,4.1435741971679825,7,-2.947754353566519,-2.7294117647058878,-2.583145091209534
307,0.8658839070495974,1.886020039700551,1.964203708175292,21,3.9294051786171664,6,-1.0544454629687832,-1.9764705882352889,-0.9539530842593071
308,-2.8174375834831107,4.456787213630674,1.3039787632405857,22,3.753902842994963,5,-0.6540788268624499,-0.7999999999999946,-0.6787141615927159
309,-1.7745804270296974,0.3893778952631961,-1.67020417205276,23,3.617067190301375,3,-0.06966086148362884,-0.329411764705877,-0.10947002606334173
310,0.22170851758645588,1.177171402817297,1.9692500298040017,24,3.5188982205364,1,-0.5550870761035103,-1.2705882352941122,-0.5654213726936121
311,0.3767948778659773,2.7529906625584903,-0.9061568035253704,25,3.459395933700039,0,-0.7985334554207804,-1.6470588235294117,-0.7878366637707415
312,2.3146257623772497,3.310039224068081,-1.1245699873708845,26,3.4385603297922938,1,-1.1879010083375512,-1.7882352941176525,-1.1680278018942858
313,-0.42830614523097954,2.3694980935919725,-0.9435080476529251,27,3.456391408813163,2,-0.6357470210332857,-0.18823529411763637,-0.6884448305761238
314,3.1365827543073017,2.8482234741605335,-1.1046775126087391,28,3.5128891707626444,3,-1.5391384050680503,-0.42352941176469516,-1.4613379669864381
315,2.2681429760157874,0.6303675083110483,-2.0377822942974038,29,3.608053615640742,2,-0.8073327220750406,-0.5647058823529358,-0.7940920938037026
316,3.344995431086627,2.989784830554119,-2.0155843165632428,30,3.74188474344745,2,-1.3198900091784047,-1.5529411764705936,-1.236142484778142
317,0.9928299828097085,1.1340059275880956,1.6671359269337165,31,3.914382554182776,2,-0.3241063245037172,-0.14117647058824065,-0.3471763683862119
318,4.53275423296191,1.4385455039243955,-2.443335502945553,32,4.125547047846716,2,-1.412282309818328,-0.9411764705882353,-1.3570807993001148
319,1.167832203279824,-0.7846537498205205,-0.2477003957352095,33,4.37537822443927,2,-0.146654445350246,0.7529411764705989,-0.17271937445549385
320,1.3096137031482702,-0.14150062342765293,0.7112972560903882,34,4.663876083960439,4,-0.3527039415150853,-0.23529411764705882,-0.35482189400908193
321,1.3297994545207343,-0.17530507952836136,-1.9060067300711578,35,4.991040626410216,0,-0.2867094408380305,0.047058823529422464,-0.31311902694428345
322,3.4106010265695783,0.24807953090562262,0.668225061315138,36,5.356871851788613,6,-0.989917506819643,-1.3176470588235347,-0.9553431798492168
323,2.6863040350314757,0.9863190353685737,0.31383032514780107,37,5.761369760095624,3,-1.4342804767106794,-0.5176470588235401,-1.3515204169891302
324,3.464544843625961,-1.4455635834668525,-1.0906429841634193,38,6.204534351331247,2,-0.7604032997477643,-0.7058823529411765,-0.7350130321326254
325,1.9036047526223525,-4.043338980604722,-2.7984804969976427,39,6.686365625495483,6,-0.04766269459127725,0.6117647058823583,-0.08097306688374539
326,3.775036698995411,-2.143652794039096,-0.045185318565134636,40,7.206863582588337,2,-0.3446379468681251,-0.47058823529411764,-0.3318853170918177
327,0.32645876118726813,-1.375090995029781,2.488885305804856,41,7.766028222609803,7,0.4722273141251184,0.37647058823529944,0.49939183317029306
328,-0.7308895941224499,-4.257461704160023,0.24516680556678327,42,8.363859545559885,4,0.9921173233548576,1.2705882352941122,1.0582102519456287
329,1.1575211714991247,-2.134670102103585,-3.5642307062801164,43,9.00035755143858,6,0.4260311638051715,0.47058823529411764,0.43336229364697404
330,2.1800989084721074,-4.245450345656567,0.007416382818795808,44,9.675522240245886,6,0.5396883593301168,0.9882352941176578,0.5883579496108746
331,-1.2566700737435192,-3.356149785638105,-0.0707728368269136,45,10.389353611981809,2,1.0375802016674753,1.0823529411764758,1.1242397914689495
332,-2.1480659573770113,-0.21131776559367202,-0.6280092254594164,46,11.141851666646348,13,0.1899175066142764,0.23529411764705882,0.18036490007836384
333,-1.5097435744463232,-1.134196981278775,-1.8496349390508222,47,11.933016404239499,10,0.5800183315383766,0.7999999999999946,0.5925282363319504
334,-0.9316013636112193,-2.0058759740987346,2.7690502635526326,48,12.762847824761266,5,0.5939505042970531,0.47058823529411764,0.6439617723801585
335,-2.184513091866368,-3.076069683561566,-2.948213301724168,49,13.63134592821164,2,0.9121906509456673,0.7529411764705989,0.9754995655866607
336,-2.415374496576743,-2.6355048166911867,-2.970387583659516,50,14.538510714590636,0,0.7802016495915287,0.5647058823529358,0.8225890529832981
337,-2.0308410374176793,-2.049705231977156,-2.030454287088868,51,15.484342183898246,1,0.4590284144003414,0.6117647058823583,0.4562988705642365
338,-3.3250909453690065,1.1183982859090238,0.7535773540644284,1,15.559455306070184,0,0.3519706689944417,0.09411764705881819,0.352041702877915
339,-3.4419271621594607,0.9071469310905678,0.7769798704042533,2,14.610619311875698,14,0.28597616883067206,0.7529411764705989,0.26377063425661323
340,-2.771471571242427,-0.8524272811282918,-0.8476588882779207,3,13.700450000609827,6,0.28597616883067206,0.14117647058824065,0.27002606428957443
341,-4.0875535094985995,-1.1650414957550073,-0.053162250391110916,4,12.828947372272571,10,0.6130155821335466,0.8941176470588128,0.616854908790471
342,-1.4749439589904112,-1.3436429436485644,2.00090136842303,5,11.996111426863928,5,0.4839596698352952,0.6117647058823583,0.483405734153924
343,2.014903799150031,-2.2649353139387722,-1.825156608108501,6,11.2019421643839,12,-0.031530705810642046,0.18823529411763637,-0.04761077321244597
344,4.242544448285549,-0.7403798417462494,0.6062121942268663,7,10.446439584832484,9,-0.8630614115699206,-0.7529411764705989,-0.8441355343106526
345,4.444343199668483,-1.7249441044745248,3.4589395707762085,8,9.729603688209684,5,-0.8549954169229604,0.658823529411754,-0.7308427454115505
346,2.847087521676976,-0.2360485877423475,2.9041263605657974,9,9.051434474515498,11,-0.7912007332944054,-0.7058823529411765,-0.6814943527238811
347,-3.6527345797803537,-0.7586943755654743,0.1103523713294413,10,8.411931943749925,2,0.24931255717231465,0.18823529411763637,0.2387489139788129
348,-2.057834659325829,0.01178737472667235,-1.3826584733132385,11,7.811096095912967,6,0.2412465625253253,0.37647058823529944,0.2241529105037002
349,-2.4682238721725347,-0.5606020655018031,-0.31096825548747964,12,7.248926931004625,7,0.030064161282640008,-0.18823529411763637,0.02397914857320519
350,-1.3106421806170272,-1.0562594545986927,0.27110378045094724,13,6.725424449024894,6,0.37396883588679325,-0.09411764705881819,0.38609904431984343
351,-3.599195928114577,-1.5431953004656482,-0.2840569055100696,14,6.240588649973779,5,0.5594867091739395,0.6117647058823583,0.5709817550045967
352,-3.275430902626056,-0.13397531140770866,1.2954993515504738,15,5.794419533851276,9,0.4399633365638772,-0.2823529411764813,0.4417028670891256
353,-2.4491738005417134,0.7688529276972693,0.5535128012538147,16,5.386917100657389,5,0.09385884491119502,-0.47058823529411764,0.0635968722774675
354,-3.9074090846168974,-0.6662301200320253,-0.9101441695523926,17,5.018081350392116,8,0.34463794686806676,-0.047058823529422464,0.3325803649110992
355,-2.458720102916915,0.41460872021969386,0.40471284972787197,18,4.687912283055457,3,0.05719523376609356,0.2823529411764813,0.04691572544181693
356,-1.796745562182378,0.7270576666001558,1.1609642016712383,19,4.396409898647413,4,0.08359303372896189,-0.6117647058823583,0.09278887922769116
357,-1.6319090912396963,3.852352677670603,0.2140854242634583,20,4.1435741971679825,11,-0.9334555453174629,-1.0823529411764758,-0.8622067766875595
358,-0.34227342836339425,-0.7987013863515613,-1.7690967543527794,21,3.9294051786171664,5,0.1730522458263119,-0.23529411764705882,0.14491746309517903
359,-0.5698822370852857,6.010461789381711,2.305279777137405,22,3.753902842994963,8,-0.9202566450794007,-2.8705882352941283,-0.8177237184915941
360,-0.7141079055185008,2.688370792990744,-0.16004902994125736,23,3.617067190301375,4,-0.3087076077303821,-0.42352941176469516,-0.33744569940280406
361,0.16962489357912558,2.1825250380405286,-2.21074195499403,24,3.5188982205364,3,-0.4634280474709165,-1.2705882352941122,-0.50217202430146
362,-3.35477920375717,3.119887426680639,0.7127489310449115,25,3.459395933700039,1,-0.44142988109185005,-0.09411764705881819,-0.48549087746580943
363,-1.1594235740344194,3.3956835318034466,1.2997148661055942,26,3.4385603297922938,2,-0.3351054076932504,-0.14117647058824065,-0.3840139009593056
364,2.4467493308163464,5.139598194247804,0.4051915800474761,27,3.456391408813163,3,-1.8757103575458285,-1.3176470588235347,-1.759513466521641
365,2.138217681937853,2.5197063763432888,-1.2645832080923933,28,3.5128891707626444,4,-0.9752520625669514,-1.0823529411764758,-0.9754995655866616
366,-0.9316080603626795,3.132191811190191,-3.372378551102198,29,3.608053615640742,1,-0.45682859786518515,-0.8941176470588128,-0.5007819287602019
367,2.889474440975728,1.2635766198261218,-2.523407378550265,30,3.74188474344745,8,-0.7626031162830373,-1.3647058823529306,-0.7662901824433878
368,2.5251846799933757,3.7594073171721796,-4.7613642527101705,31,3.914382554182776,5,-1.453345554547173,-1.411764705882353,-1.3146828844160356
369,3.8725290428926415,3.554628981427585,-0.3780883095305994,32,4.125547047846716,3,-1.602933088696576,-1.5529411764705936,-1.5002606429200704
370,1.5764897100254134,1.6494613818577426,0.26190037508161196,33,4.37537822443927,2,-0.902658111770851,-0.5647058823529358,-0.9025195482111016
371,3.4180726150026697,0.24246817011353983,-1.437553683411004,34,4.663876083960439,7,-0.8395967001496253,0.6117647058823583,-0.809383145098096
372,5.51854706790097,-0.3370146127766017,1.0090357102886567,35,4.991040626410216,1,-1.389550870918647,0.18823529411763637,-1.2778453518429402
373,-1.415988600141926,0.7548111861618529,-1.9029566946843384,36,5.356871851788613,6,-0.07626031160267449,0.23529411764705882,-0.11572545609630289
374,1.433403054733369,-0.06448859324162665,-0.7297963174338995,37,5.761369760095624,7,-0.3431714023402106,0.0,-0.37497827974652675
375,1.8613222015029125,-1.232448557878179,-1.7186242667258087,38,6.204534351331247,5,0.0014665442712719415,0.14117647058824065,-0.026064291933744804
376,3.021822802521086,-1.1901909952324035,1.28009845591424,39,6.686365625495483,2,-0.2727772685926391,-0.14117647058824065,-0.2999131190104271
377,1.2055819790948743,-2.287547287639896,-0.10091676021869125,40,7.206863582588337,6,0.23391384039897956,0.7999999999999946,0.20399652476625538
378,2.738492187258199,-2.6780880623581735,-1.9004563846179432,41,7.766028222609803,11,-0.19725022925396563,0.8470588235294171,-0.19982623804517963
379,0.5658611444096676,-2.9600643711413417,2.482718041221594,42,8.363859545559885,6,0.3879010081321847,0.9411764705882353,0.4111207645489913
380,-1.365774572238132,0.08118314660833947,-4.113811543558786,43,9.00035755143858,3,0.065994500420383,-0.5176470588235401,0.05942658560504422
381,-0.9104119097054303,-0.6875661574211138,-0.4148784788042027,44,9.675522240245886,11,0.5888175987059512,0.329411764705877,0.609209383167601
382,1.1163782688960702,-2.9047459138965674,-0.20744709134304398,45,10.389353611981809,11,0.21411549055518606,0.6117647058823583,0.27141615987948325
383,-2.1150232749930957,-1.488345593874632,1.748663638516995,46,11.141851666646348,5,0.5125572868466632,0.7529411764705989,0.5487402259066141
384,-3.1356255975957956,0.1918007632431795,0.26771902316569957,47,11.933016404239499,4,0.5682859763415433,0.6117647058823583,0.5800173762173773
385,-4.561121672830266,-0.7802407652882384,1.0341544897691526,48,12.762847824761266,9,0.7112740603719009,0.658823529411754,0.7315377932308311
386,-1.2933807787940594,-1.8631054698622829,-1.357019536997676,49,13.63134592821164,23,0.5506874425196793,0.6117647058823583,0.5772371850375579
387,0.1921442118881654,-2.3566739990884096,0.3781299871007436,50,14.538510714590636,28,0.22071494016091742,0.6117647058823583,0.23805386620818383
388,-3.726319152159732,-1.0633890444078598,-1.39443153199286,51,15.484342183898246,26,0.29037580190115964,0.14117647058824065,0.29852302346917076
389,-2.204458003377464,0.5226212239393293,0.8767527853026433,52,16.468840336134463,7,0.27571035764846813,0.6117647058823583,0.27350130324002114
390,2.2126352044334476,-0.4937441392844739,2.987271323549308,1,15.559455306070184,29,-0.5968835928396845,0.5176470588235401,-0.564726324922983
391,-3.050346020975221,1.8882779025331256,-4.8466833496314745,2,14.610619311875698,58,-0.3241063245037172,0.14117647058824065,-0.359687228500785
392,-2.317118398183777,-0.6627937279572129,0.7910718135740185,3,13.700450000609827,26,0.6460128322154314,-0.2823529411764813,0.7030408340512349
393,-2.721810022365292,-0.4075844061805122,-1.3461258873070143,4,12.828947372272571,38,0.21484876256248617,0.8470588235294171,0.20399652476625538
394,-1.41425956614145,-2.40301277257167,-2.6131156804177187,5,11.996111426863928,35,0.6056828594939156,0.5647058823529358,0.6154648132005603
395,2.3063314365186383,-0.05612253175597329,2.384286839665215,6,11.2019421643839,37,-0.6174152152040925,0.23529411764705882,-0.5529105125790373
396,-2.972744791832832,0.5073542085829353,1.2419805545266946,7,10.446439584832484,20,0.5602199816945539,0.8470588235294171,0.5529105125790373
397,-2.3131287249829424,0.13776719327013143,0.4934694154275716,8,9.729603688209684,29,-0.11439046727566127,-0.047058823529422464,-0.14144222414473231
398,-3.6055650812883937,0.015759365972613376,-2.4453894311104056,9,9.051434474515498,25,0.28230980725417026,0.5176470588235401,0.2561251085850908
399,-2.95052227908908,-0.7732002914011413,1.240946830717153,10,8.411931943749925,23,-0.15985334558830813,0.14117647058824065,-0.17341442222612116
400,-2.2275661197221943,0.9295351966606294,2.0300275523899947,11,7.811096095912967,9,0.03519706687374198,0.0,0.04135534317948308
401,-2.6263066300906432,0.9776524256598211,0.3926242332237845,12,7.248926931004625,3,-0.18258478448798898,0.14117647058824065,-0.20608166812679327
402,-2.4894602517121163,0.5162312826490218,-3.119565502839532,13,6.725424449024894,6,0.06012832282198093,0.047058823529422464,0.04205039095011212
403,-1.7747670727284877,-0.27668340779680495,0.6077341138665155,14,6.240588649973779,6,0.01173235545347589,0.329411764705877,0.0003475238853136568
404,-1.4315564341238267,-0.7330211107838992,-1.8028927914952915,15,5.794419533851276,3,0.41136571955245077,-0.09411764705881819,0.43544743700751193
405,-1.4956092598467077,0.07301521526125149,-1.4361518583956348,16,5.386917100657389,1,0.05352887270293527,0.37647058823529944,0.04066029540885577
406,-2.8023405905500955,1.0524321043191867,-2.6424681121798486,17,5.018081350392116,3,0.2830430797747847,0.329411764705877,0.2644656820272423
407,-2.648131290139344,0.5076568426961261,3.4036479430073747,18,4.687912283055457,1,0.46709440853401646,0.047058823529422464,0.47576020853105405
408,-2.0391984819050353,4.0384788189504075,1.3040375123233376,19,4.396409898647413,1,-0.5983501373676282,-1.1294117647058717,-0.6036490008566163
409,-0.589610992835199,6.52631161161791,-1.7806005249716548,20,4.1435741971679825,0,-1.327956003825365,-2.1176470588235294,-1.284795829695183
410,-2.817291525575741,3.034772463753771,-0.3725998550493508,21,3.9294051786171664,2,-0.09899175050232617,-0.6117647058823583,-0.1344917462924896
411,-3.979260391308822,1.6033670583432713,2.12056111174847,22,3.753902842994963,1,0.08359303372896189,0.37647058823529944,0.04830582103172577
412,-2.383014027810783,3.5460637210390935,0.7899488863239994,23,3.617067190301375,1,-0.3189734189126152,-0.37647058823529944,-0.3450912250256706
413,1.829470175628019,3.9823011396795223,-1.1261211065700532,24,3.5188982205364,0,-0.9957836849313594,-2.25882352941177,-0.9949609035534782
414,-2.4978157551953037,0.23980825738390765,-0.16726542140527778,25,3.459395933700039,0,0.052795600182320865,0.37647058823529944,0.012858383999888466
415,-1.202942844878699,2.0283098955408967,-0.7156791310986496,26,3.4385603297922938,1,-0.32777268556690464,-0.8470588235294171,-0.3443961772063925
416,1.4853118237702398,2.9538444258767242,-0.37960823615676065,27,3.456391408813163,0,-1.0273143904853297,-1.0823529411764758,-1.0387489139788146
417,1.234760591124617,3.523841218775316,1.2591793361007169,28,3.5128891707626444,3,-1.1483043081366209,-1.1764705882352942,-1.1388357949440613
418,-0.8744668168682705,2.1238190665558623,0.17016152818174599,29,3.608053615640742,3,-0.5851512376428513,-0.5647058823529358,-0.6217202432335233
419,-0.1362820489324977,2.943480491092533,-1.6173257035335122,30,3.74188474344745,1,-0.4252978917979297,-2.4470588235294066,-0.4076455255985446
420,0.7712588953423728,0.6349912361395851,-2.228094497559086,31,3.914382554182776,5,-0.2368469294548961,-0.047058823529422464,-0.2665508253391277
421,0.3182868625333235,1.1396440117216868,0.8129178095968768,32,4.125547047846716,2,-0.16718606771465389,-0.18823529411763637,-0.17688966117656962
422,1.9971869288677109,-0.2709246690416234,-4.235089453939675,33,4.37537822443927,5,-0.24857928516504374,-0.14117647058824065,-0.279061685502355
423,5.334525542709374,-0.9862167613226642,0.3662285859832589,34,4.663876083960439,5,-0.7252062326173506,-0.5647058823529358,-0.6919200694779181
424,2.6152938823826104,-1.1131048650299595,-0.6639575094454082,35,4.991040626410216,5,-0.3791017414779536,-0.14117647058824065,-0.37358818415661615
425,3.246798937141574,-0.9043500119927348,-0.7060078535088133,36,5.356871851788613,9,-0.49789184259403013,0.09411764705881819,-0.4646394439577373
426,-0.3609111502702965,-0.43095224665363085,0.08657941850622547,37,5.761369760095624,17,-0.17818515141747224,0.18823529411763637,-0.19009556906177175
427,0.4060689569955693,0.09255735388553382,-0.051734363243627124,38,6.204534351331247,19,-0.2691109075294516,-0.42352941176469516,-0.29296264115818615
428,1.7011627325261605,-1.5168772601520626,-2.344997148994471,39,6.686365625495483,25,-0.17525206236161406,-0.14117647058824065,-0.1817549956682744
429,3.960850398985369,-1.3028115875642012,-1.74735846211439,40,7.206863582588337,45,-0.549220898505079,-0.2823529411764813,-0.5299739357104273
430,2.7463016023663522,-3.119867036039925,3.643690685931234,41,7.766028222609803,34,-0.241246563038698,0.47058823529411764,-0.19565595132410557
431,0.5791419485178686,-0.5828220327157199,-0.5674800536867638,42,8.363859545559885,63,0.04326306152070215,-0.14117647058824065,0.05178105993352001
432,-0.9138318261473807,-0.7337466644494988,-0.41338913877658956,43,9.00035755143858,44,0.44656278616960854,-0.14117647058824065,0.4708948740393492
433,-0.6845580018018684,-1.1045312750904404,1.8827738538079744,44,9.675522240245886,50,0.5103574703114195,0.47058823529411764,0.5174630755958525
434,0.5660202524361421,-3.4447386710401444,-4.910176270162234,45,10.389353611981809,35,0.8403299726701814,0.047058823529422464,0.8913987836864348
435,1.891030950390157,-2.2590776402703736,-0.7377632965411226,46,11.141851666646348,16,0.09165902837592206,0.329411764705877,0.09973935707993212
436,-1.8082637318882187,-2.5320432681734455,2.13780835019199,47,11.933016404239499,16,0.9803849676446807,1.0352941176470534,1.0686359686996656
437,-2.300640525184539,-1.1449770017723206,-0.952505683587063,48,12.762847824761266,13,0.896058661651747,0.7999999999999946,0.9574283232097538
438,-2.2492429493044583,0.04797826796562976,1.605549619231807,49,13.63134592821164,9,0.6225481207951653,0.18823529411763637,0.6606429192158073
439,0.7626951604118283,-1.972855565205266,-0.19380578170691176,50,14.538510714590636,15,0.18038496795265765,0.9882352941176578,0.17688966117656962
440,-0.5211223243873231,-1.6089091220903868,1.502617107283685,51,15.484342183898246,4,0.5213565535009528,1.0352941176470534,0.5605560382505598
441,1.7287791100776928,-1.5136623952757753,1.7446817440392208,52,16.468840336134463,0,-0.12172318991529216,0.42352941176469516,-0.08375325801491232
442,-0.7379745385429177,0.7174925606997042,2.4727445218269715,1,15.559455306070184,1,-0.17372156974624764,-0.06274509803921212,-0.15793075114144342
443,-1.7452203605573335,-0.4159670624704137,0.8901295186609239,2,14.610619311875698,10,0.4890925754263972,0.5647058823529358,0.5063423110225358
444,-3.769668415513327,0.3468731588585846,-0.03830301925144427,3,13.700450000609827,11,0.30137488560397796,1.0352941176470534,0.2797567332729823
445,-1.8376840059388044,1.3734302590016068,0.6016784406773426,4,12.828947372272571,29,-0.35637030257827274,-0.14117647058824065,-0.37914856646760076
446,-2.5013204336514656,-0.45327474547540353,1.4648069801790045,5,11.996111426863928,35,0.3505041244665272,0.47058823529411764,0.3450912250256723
447,-3.1919903854938,-1.5312153546066813,-0.671972891014834,6,11.2019421643839,30,0.5176901924377653,0.7058823529411765,0.5174630755958525
448,-1.230376724379735,0.28050028888373096,2.3816181924291815,7,10.446439584832484,20,0.18625114555108893,-0.047058823529422464,0.16785403996378903
449,-2.179537809569274,-1.130233610852415,1.5448717819200932,8,9.729603688209684,21,0.21704857909772995,0.5647058823529358,0.21025195484786904
450,-2.437616229151398,-1.1117073456059312,-1.829440756089165,9,9.051434474515498,12,0.34023831328429405,0.6117647058823583,0.3443961772550433
451,-0.5392304737056101,-1.9409135517428462,-2.2265060707498368,10,8.411931943749925,9,0.45096241975338125,0.7058823529411765,0.4542137272037004
452,-2.8705319520999,-0.027697913263320356,0.5854716931543349,11,7.811096095912967,11,0.45389550880923946,0.2823529411764813,0.45351867943307134
453,-2.693360607899854,-0.05895902799312533,0.9270925100031915,12,7.248926931004625,9,0.34317140234015225,0.2823529411764813,0.33327541268172656
454,-1.9547351338192978,-0.9785650328848982,-0.4886461769837734,13,6.725424449024894,5,0.18111823995998694,0.7529411764705989,0.17480451781603173
455,-3.7058921856266798,-0.06440767597606731,3.4509919442644974,14,6.240588649973779,11,0.3666361137604183,0.5176470588235401,0.367332754123655
456,-1.8501108068835446,-0.15734469350313401,2.178445296855964,15,5.794419533851276,3,-0.01393217250206316,0.047058823529422464,-0.0003475238853136568
457,-2.957135301271322,1.0376256901686896,0.24341825876605294,16,5.386917100657389,5,0.1561869845250623,-0.18823529411763637,0.13796698524293635
458,-2.8667060382729272,0.2724485811898856,0.38332397584456984,17,5.018081350392116,5,0.5418881758653898,0.8941176470588128,0.5271937445792604
459,-2.1510101630206777,-0.6741753713572337,-1.5384467245241327,18,4.687912283055457,4,0.3167736023773131,0.6117647058823583,0.290877497846299
460,-0.7976996502394789,-0.3103806818063297,0.6104121786967431,19,4.396409898647413,4,0.3351054076931921,-0.047058823529422464,0.32562988705885654
461,-0.11827106244960214,-0.3344100363799285,0.9629213462749715,20,4.1435741971679825,1,0.22584784575201938,-0.14117647058824065,0.21303214597903422
462,0.2664014563178885,-1.065284549702363,-0.16410042066755334,21,3.9294051786171664,0,0.09312557290386574,0.18823529411763637,0.08027801911311634
463,-2.01652178293552,1.1164315828577844,0.7279142308402519,22,3.753902842994963,2,0.2221814846888611,-0.14117647058824065,0.19913119027455056
464,-2.5805007232231874,2.208174469642788,2.698573634715646,23,3.617067190301375,3,-0.2896425298938887,-0.09411764705881819,-0.32284969592769136
465,-1.7215582069379525,5.666864554803759,0.21271237146051564,24,3.5188982205364,3,-0.9862511457564554,-1.4588235294117755,-0.9428323196859896
466,0.12137468089020442,1.9570852443807731,-2.6529052207352404,25,3.459395933700039,5,-0.49715857007341574,-0.47058823529411764,-0.514682884416033
467,-2.162898414146007,-0.39052534427549435,-0.017584390744330602,26,3.4385603297922938,2,0.14298808428700016,0.09411764705881819,0.11989574281737693
468,-1.438415540823574,1.545074911963138,0.6379279733497634,27,3.456391408813163,1,-0.24344637957394175,-0.329411764705877,-0.26585577756849865
469,-0.7279881289941963,0.8875240322535385,-2.4251168020359515,28,3.5128891707626444,2,-0.34097158580496684,-0.7529411764705989,-0.36038227627141406
470,-0.8282631284018122,0.9344586514510747,-0.9743920049782364,29,3.608053615640742,0,-0.21558203508315893,-0.14117647058824065,-0.24361424847051596
471,0.33927578067115494,2.7590492566588463,0.03020165609682479,30,3.74188474344745,0,-0.912923922953055,-0.329411764705877,-0.9296264118007874
472,-0.071556040069476,2.389908677477831,2.215777551154571,31,3.914382554182776,3,-0.40329972490557814,-1.2235294117647166,-0.39791485661513676
473,3.3305854331533875,0.0413499466552697,-3.1054177021689044,32,4.125547047846716,5,-0.5169569204304943,-1.0823529411764758,-0.5271937445792604
474,2.370133504803129,-0.7324567735235714,-2.355565649016242,33,4.37537822443927,5,-0.1664527957073246,-0.37647058823529944,-0.18523023457006865
475,3.2303219127578817,-0.4377789298579005,1.688915446669138,34,4.663876083960439,7,-0.5763519704752474,0.0,-0.5800173761687248
476,1.2131201339089328,-3.039517287182902,1.989672947466833,35,4.991040626410216,5,0.314573785328755,0.18823529411763637,0.34161598612387806
477,0.5553846159920902,-2.2440551624390253,-5.905827247970551,36,5.356871851788613,2,0.28597616883067206,0.23529411764705882,0.2762814943711881
478,4.7742459754674496,-1.2132251656986908,2.7626048431710717,37,5.761369760095624,2,-0.7787351055769577,-0.5647058823529358,-0.7565595134599798
479,3.8456398520129307,-1.7368621226075789,1.24604955679952,38,6.204534351331247,2,-0.6225481207951944,0.23529411764705882,-0.5925282362832979
480,2.5479880764785356,-2.9538311583442916,0.8587957635344605,39,6.686365625495483,0,-0.002199816791915526,0.329411764705877,-0.019808861852131154
481,-0.04941177655423806,-1.2351092613604504,0.8389873323122445,40,7.206863582588337,2,0.26324472941770605,0.8470588235294171,0.2561251085850908
482,1.0325432908860057,-1.1814832577652927,0.4975478717388913,41,7.766028222609803,1,0.37470210789409336,0.6117647058823583,0.3471763683862102
483,3.035803777587662,-1.273667367525951,0.4542889364303746,42,8.363859545559885,1,-0.24711274063710004,0.37647058823529944,-0.25543006081446346
484,0.14630804373480183,-2.7287205417735785,-1.3699779306199242,43,9.00035755143858,2,0.5580201651593102,0.5176470588235401,0.6036490008566163
485,-0.1954603969837463,-2.796225570026289,0.13380365657270266,44,9.675522240245886,2,0.82713107243209,0.8941176470588128,0.8920938314570639
486,2.291490487377473,-3.5743751558350714,-0.7132703696423411,45,10.389353611981809,3,0.6716773601709704,-0.37647058823529944,0.7377932232637906
487,1.7648461229199603,-5.07968657886616,-1.931856278547523,46,11.141851666646348,9,0.5616865262224684,1.411764705882353,0.6050390964465252
488,3.7668980229529714,-4.084270698503737,-0.8086044506389988,47,11.933016404239499,5,0.14225481227967088,0.7058823529411765,0.18801042570123386
489,1.1864553774726696,-3.459852809206658,-0.4343862162775665,48,12.762847824761266,5,0.7156736939556736,0.9882352941176578,0.7690703735745539
490,-0.27162435477975944,-3.3367626940300985,-1.7305770596817824,49,13.63134592821164,4,0.5844179651221785,0.9411764705882353,0.6085143353483194
491,0.30528187796625256,-2.420090653431562,1.5081904799781727,50,14.538510714590636,4,0.39230064171595735,0.7529411764705989,0.4298870547451798
492,-1.9704153164777936,-2.525581715662338,0.9879825850411086,51,15.484342183898246,1,0.5514207150402645,0.9411764705882353,0.5744569939063909
493,-3.654160150332567,0.12898684070786065,-0.7963511203961515,52,16.468840336134463,0,0.37250229135887875,0.8941176470588128,0.3694178974841929
494,-1.639539184708892e-15,3.7664959033969415e-14,-1.1312099247473227e-14,53,17.4920051712993,0,-0.17372156974624764,-0.06274509803921212,-0.15793075114144342
495,2.2999018252034347,-0.1075654189659363,3.5841248415000466,1,15.559455306070184,10,-0.6680109991078704,-0.09411764705881819,-0.6293657689050458
496,-0.6461052205254021,-0.4827389371608677,3.009998355816097,2,14.610619311875698,9,0.16205316212349355,0.37647058823529944,0.1643788010619948
497,0.9315885681970683,-1.9699273559254618,1.4190726131925055,3,13.700450000609827,17,0.2815765352468702,0.8470588235294171,0.28253692440414924
498,-1.8973318744753027,-2.6479237216023632,0.25719051246596747,4,12.828947372272571,16,0.37396883588679325,0.9411764705882353,0.3756733275658065
499,-1.7998575813238387,-1.0456735901264604,2.9360132779962447,5,11.996111426863928,11,0.5162236479098508,1.2235294117647166,0.536229365792041
500,-3.5603834357381094,-1.5894207765806974,0.9177163771529049,6,11.2019421643839,12,0.8916590285812594,1.1764705882352942,0.9365768896530275
501,0.9503132462873182,-2.2459676748036626,1.0151772448511527,7,10.446439584832484,19,0.6460128322154314,0.7058823529411765,0.6988705473301591
502,-1.9740508365573408,-3.8538107128342913,-0.09992060358192242,8,9.729603688209684,15,1.0764436298610764,1.0352941176470534,1.1443961772550468
503,-3.1191694588371854,-2.1978685004513268,2.809156369194313,9,9.051434474515498,12,1.07057745174936,1.3176470588235347,1.1353605560422662
504,-0.5776588331851806,-2.8560265326321823,-0.9580158737721537,10,8.411931943749925,12,1.185701191288964,-0.09411764705881819,1.2993918331702947
505,-1.446274280229733,-5.334742826322708,0.08799936279312603,11,7.811096095912967,16,1.344087992605942,0.47058823529411764,1.479409209363345
506,-1.2054704215888017,-2.4408525878351597,-0.44646855827669774,12,7.248926931004625,9,0.8850595784622138,0.7529411764705989,0.947697654226346
507,0.786823868002608,-1.4511104257023772,2.5498441609875933,13,6.725424449024894,4,0.37836846947059516,0.5647058823529358,0.38609904431984343
508,-1.6089666290292537,-4.257724573374853,1.0180916569346117,14,6.240588649973779,9,1.195967002471168,0.7529411764705989,1.2931364031373336
509,-1.8195880275991525,0.08466675924185696,2.245900066620995,15,5.794419533851276,6,0.6012832264233989,0.6117647058823583,0.6112945264794863
510,-2.3145388284458885,-2.106076179105178,-0.5427575045405375,16,5.386917100657389,8,0.9481209900834103,0.7999999999999946,0.9866203301599775
511,1.468363573200599,-2.255181080052096,0.5912827635672867,17,5.018081350392116,4,0.32703941355951704,0.7529411764705989,0.3152041703048196
512,-2.3580667313307,-0.7611388708917437,-0.9678586117470446,18,4.687912283055457,2,0.5873510541780075,0.7529411764705989,0.5751520417256725
513,-2.7087912668959255,0.5223024986597224,1.8964368429948033,19,4.396409898647413,7,0.4656278645193871,0.47058823529411764,0.4722849695806073
514,2.875713655617771,3.508723121630486,-0.18274291375032453,20,4.1435741971679825,6,-1.3367552704796544,-1.3647058823529306,-1.222241529073659
515,1.260395473713262,-3.231738876802525,0.08053856783596128,21,3.9294051786171664,5,0.5103574703114195,0.7058823529411765,0.5181581233664798
516,-1.8482289383998556,-0.8171217940211282,1.9629940120483833,22,3.753902842994963,8,0.31897341891255687,-0.5176470588235401,0.31589921807544863
517,-2.1244634233997814,3.6350541619934322,-0.6810469743788327,23,3.617067190301375,1,-0.16938588476321198,-0.2823529411764813,-0.20052128581580866
518,-1.4704333922500854,2.577137100830652,-2.2143037222859143,24,3.5188982205364,1,-0.2603116408751622,-0.5176470588235401,-0.294352736748095
519,0.5169592233118812,-0.4492975043830118,-0.3221941564248237,25,3.459395933700039,4,-0.012465627974119476,-0.329411764705877,-0.031624674196076924
