,0,1,2,3,4,total_cases
0,-1.0818144442666104,-1.183554006793482,-0.7595712098107669,-1.2727272727272734,-0.542447969069113,4
1,-0.5599561463416755,-0.5836933797885653,-0.21439509954681987,-0.2727272727272735,-0.5413334232348669,5
2,0.006303960539878677,-0.005017421657565221,-0.21439509954681987,0.0,-0.5309527741148653,4
3,-0.06112100861931078,-0.053519163696881394,0.11026033689141629,0.22727272727272735,-0.5106048298424654,3
4,0.1449910922253533,0.14606271763003834,0.7411944870169722,0.49999999999999917,-0.4797886145592818,6
5,0.1460874332038249,0.15777003470091436,0.3859111791842767,0.49999999999999917,-0.4382288960665365,2
6,0.15430999040806578,0.16334494787054724,0.08575803981872916,0.22727272727272735,-0.38589603833564695,4
7,0.4393586405132037,0.42313588830768134,0.49617151607569293,0.0,-0.32302017887805334,5
8,0.36754830751686907,0.363484320709579,0.4777947932818968,0.0,-0.25009973097429544,10
9,0.47553789226558346,0.4699651565912298,0.4777947932818968,0.7272727272727265,-0.16790421076233286,6
10,0.2250239824643001,0.23191637614986232,0.1470137825218899,-0.5000000000000008,-0.07747138918508552,8
11,0.34726599970292166,0.34620209046904793,0.3920367534631692,0.49999999999999917,0.019901231202759023,2
12,0.1954227764676402,0.2001393728389874,0.3859111791842767,0.0,0.12267061456870304,6
13,0.29244895162348955,0.2832055749691259,0.4410413476514247,0.0,0.22906806527716655,17
14,0.4289434013903909,0.4236933798197712,0.42266462481474876,0.22727272727272735,0.3371247765049742,23
15,0.6460189118662899,0.6199303136351332,0.35528330783269707,0.0,0.44470305399756177,13
16,0.5150061669150067,0.5000696865365767,0.48392036756078777,0.22727272727272735,0.5495332149660092,21
17,0.6460189118662899,0.6126829267097326,0.6186830015248942,0.7272727272727265,0.649256162124752,28
18,0.27929286007368137,0.26146341458314165,0.4777947932818968,0.22727272727272735,0.7414716328701344,24
19,0.7463341098808128,0.6812543553792653,0.6309341500826776,0.7272727272727265,0.8237921235996641,20
20,0.40701658216629233,0.3841114980713836,0.4410413476514247,0.49999999999999917,0.8939024891720347,40
21,0.24420994929977594,0.22689895488255907,0.48392036756078777,0.7272727272727265,0.9496252175079058,27
22,0.5171988488335786,0.474982578248795,0.6676875957131483,0.49999999999999917,0.9889913793314894,42
23,0.6449225709261895,0.57811846700915,0.606431853009989,0.7272727272727265,1.0103172530528155,33
24,0.492531177182486,0.4281533099652466,0.17764165391634928,0.22727272727272735,1.0122866247907687,43
25,0.35219953404848897,0.31609756091394076,-0.18989280247413123,-0.5000000000000008,0.9940387635370207,37
26,0.4612854597756749,0.4242508709416212,0.32465543643823613,0.0,0.9552620714605247,57
27,0.47663423324405507,0.43595818801249725,0.539050535985056,0.49999999999999917,0.8962934093527469,71
28,0.09730026037168915,0.09365853656709684,0.1408882082858772,-0.2727272727272735,0.8182230972140488,44
29,-0.030423461682550546,-0.0278745642872496,-0.17764165391634626,-0.2727272727272735,0.7230055899802543,56
30,-0.23927641495420865,-0.24808362375649787,-0.4349157733725307,-1.0,0.6135758283904904,53
31,-0.25736604084958276,-0.2592334493152841,-0.5267993874701493,-0.2727272727272735,0.49397126499537214,52
32,-1.2342058380103147,-1.3435540067622762,-1.0842266462918813,-1.545454545454547,0.36945956530623203,47
33,-0.33685076058010816,-0.3467595815908758,-0.6431852986404596,-0.7727272727272727,0.24667198408502317,26
34,-1.208441825380749,-1.3039721250139107,-0.8820826953028449,-0.7727272727272727,0.1337424167749208,27
35,-1.2742222831297874,-1.381463414364634,-1.2128637060199734,-1.7727272727272743,0.14971853037972002,21
36,-0.8291078525467545,-0.8445993028596172,-0.9862174579153702,-0.7727272727272727,0.05543607787820401,21
37,-0.7803206797146194,-0.7938675955524434,-0.8453292496294945,-0.7727272727272727,-0.019901231202759023,26
38,-1.1333424694873695,-1.1958188149862303,-1.0719754977340994,-2.0454545454545463,-0.08159347490737089,34
39,-1.0697546936952744,-1.1216724735372823,-1.0229709035458423,-1.7727272727272743,-0.1338386806791264,37
40,-0.8789913663189911,-0.8964459928007308,-0.9249617152122094,-1.0,-0.17985483040505543,17
41,-0.9102370837258023,-0.9655749125921135,-0.8882082695388591,-1.7727272727272743,-0.2219961903192067,19
42,-0.6893243798828089,-0.7085714285447092,-0.5880551301733116,-1.2727272727272734,-0.26186396576537285,25
43,-0.7819651911631411,-0.7960975608203009,-0.8392036753934818,-1.2727272727272734,-0.30041128081905755,18
44,-0.7337261888394274,-0.7475958187809848,-0.5145482389123673,-1.0,-0.3380424827686836,21
45,-0.7847060435901358,-0.8239721251075506,-0.5513016845428379,-1.0,-0.37470677145604336,17
46,-0.8006029875285667,-0.8557491288086653,-0.48392036756078627,-0.7727272727272727,-0.4099861534759889,17
47,-0.6460189118662906,-0.666202090406614,-0.4961715161185697,-0.2727272727272735,-0.4431777212353657,16
48,-1.0900370015092224,-1.1579094073838503,-0.8453292496294945,-1.0,-0.4733702568711876,16
49,-0.7057694942912893,-0.7147038324459524,-0.8208269525568058,-0.7727272727272727,-0.4995151610280508,15
50,-1.1892558585452733,-1.2788850171163466,-0.7289433384591872,-0.7727272727272727,-0.5204917064947946,23
51,-0.525969576546241,-0.5535888498432183,-0.29402756508665195,-0.5000000000000008,-0.5351666167003957,16
52,-0.19871179936468372,-0.1862020905002538,0.04287901990936458,0.0,-0.542447969069113,17
53,-0.24804714266687164,-0.24752613224440803,-0.12251148544919821,0.0,-0.5413334232348669,12
54,-0.32917637384591814,-0.3233449474491016,-0.29402756508665195,0.0,-0.5309527741148653,17
55,-0.12690146636834906,-0.1259930313900616,0.07350689126094571,0.0,-0.5106048298424654,10
56,-0.07153624778049622,-0.06745644603561499,0.31240428792333247,0.22727272727272735,-0.4797886145592818,15
57,-0.19487460599758935,-0.20348432035056727,0.36753445634760074,0.22727272727272735,-0.4382288960665365,19
58,0.019460052089686878,0.017839721362358934,0.43491577337253373,0.49999999999999917,-0.38589603833564695,21
59,0.3346580786615356,0.33282229964238197,0.7350689127380813,1.0,-0.32302017887805334,14
60,0.3056050431732964,0.30494773535513237,0.30015313936554905,0.0,-0.25009973097429544,18
61,0.19980814034315666,0.1945644600595943,0.49617151607569293,0.49999999999999917,-0.16790421076233286,13
62,0.12251610249283261,0.13435540055914016,0.5145482389123689,0.7272727272727265,-0.07747138918508552,14
63,0.24585446074829836,0.24752613224438585,0.6799387442709333,0.49999999999999917,0.019901231202759023,18
64,0.34616965876282135,0.3456445993471979,0.3369065849960211,0.7272727272727265,0.12267061456870304,23
65,0.40153487735067417,0.40250871094585455,0.5819295558944206,1.0,0.22906806527716655,25
66,0.40811292310639263,0.3986062719222292,0.551301684542841,0.7272727272727265,0.3371247765049742,62
67,0.41414279839206164,0.40473867582347234,0.9494640122849011,1.2727272727272734,0.44470305399756177,60
68,0.45251473206301196,0.44264808342583023,0.8820826952599681,0.7272727272727265,0.5495332149660092,76
69,0.48321227899977354,0.47721254351665254,0.40428790197807435,0.49999999999999917,0.649256162124752,66
70,0.5489927367488118,0.5273867597019762,0.7411944870169722,0.7272727272727265,0.7414716328701344,64
71,0.40811292310639263,0.39191637611865643,0.7534456355318759,0.22727272727272735,0.8237921235996641,68
72,0.6016171029096706,0.5675261321819519,0.7289433384591888,0.7272727272727265,0.8939024891720347,89
73,0.4651226531427693,0.4459930313276055,0.3981623277420601,0.7272727272727265,0.9496252175079058,92
74,0.3905714677194406,0.3707317072447398,0.22664624810460485,0.22727272727272735,0.9889913793314894,140
75,0.1965191174461118,0.17170731703967015,0.18989280243125448,0.0,1.0103172530528155,116
76,0.22995751677149615,0.22299651585893374,0.5696784073795169,0.7272727272727265,1.0122866247907687,142
77,0.006852131009929524,0.003344947901775284,0.26339969373507693,0.22727272727272735,0.9940387635370207,129
78,0.20857886801744704,0.18397212562263598,0.3859111791842767,0.7272727272727265,0.9552620714605247,140
79,0.05180211043659829,0.04682926828354842,-0.012251148557781928,0.0,0.8962934093527469,140
80,0.08798136218897666,0.06578397227982505,-0.23889739666238524,-0.2727272727272735,0.8182230972140488,127
81,-0.5265177470162912,-0.5530313587213904,-0.38591117918427514,-0.2727272727272735,0.7230055899802543,129
82,-0.1954227764676402,-0.19846689869297987,-0.4042879020209511,-0.2727272727272735,0.6135758283904904,169
83,-0.18884473071192173,-0.18452961674448604,-0.20826952526792586,0.22727272727272735,0.49397126499537214,141
84,-0.36371111414977403,-0.3640418118314069,-0.6860643185498226,-0.5000000000000008,0.36945956530623203,108
85,-0.9579279155794663,-1.007386759218119,-0.9494640122848981,-1.0,0.24667198408502317,78
86,-1.2265314512761245,-1.327386759155685,-1.225114854577757,-1.545454545454547,0.1337424167749208,70
87,-0.10733944278340558,-0.13175557295937967,-0.08908429252090716,-0.09061583577712769,0.14971853037972002,81
88,-0.36590379606834733,-0.38634146333926334,-0.667687595756025,-1.0,0.05543607787820401,104
89,-0.38344525145530006,-0.38243902431563803,-0.7473200612958631,-0.5000000000000008,-0.019901231202759023,90
90,-0.9014663560131398,-0.9466202089860545,-1.010719755030937,-1.2727272727272734,-0.08159347490737089,85
91,-1.0154858160858933,-1.0648083619386035,-1.0352220521036257,-1.2727272727272734,-0.1338386806791264,55
92,-1.0396053172285644,-1.1043902436869688,-1.0719754977340994,-1.2727272727272734,-0.17985483040505543,53
93,-0.29628614499058525,-0.3110801392563977,-0.5084226646334719,-1.2727272727272734,-0.2219961903192067,65
94,-0.6980951075570992,-0.7096864107883649,-0.6248085758466619,-0.5000000000000008,-0.26186396576537285,33
95,-0.9403864601925129,-0.967804877859971,-0.8269525268356968,-0.5000000000000008,-0.30041128081905755,38
96,-0.8175962724454693,-0.8312195120329512,-0.667687595756025,-1.0,-0.3380424827686836,59
97,-0.7244072906567143,-0.7442508708791873,-0.612557427288877,-0.5000000000000008,-0.37470677145604336,40
98,-0.6509524462118579,-0.6784668985993401,-0.4777947932818938,-0.5000000000000008,-0.4099861534759889,37
99,-0.7150883924740025,-0.7291986059065139,-0.4349157733725307,-0.2727272727272735,-0.4431777212353657,29
100,-0.6016171029096706,-0.609895470320025,-0.4226646248147457,-0.5000000000000008,-0.4733702568711876,30
101,-0.4678635055313927,-0.48836236907546093,-0.09800918837650957,-0.5000000000000008,-0.4995151610280508,30
102,-0.19487460599758935,-0.19679442493723429,-0.17151607963745527,0.0,-0.5204917064947946,28
103,-0.5292585994049146,-0.5457839717959677,-0.23277182238349428,-0.2727272727272735,-0.5351666167003957,23
104,-0.7414005755736175,-0.7988850172100086,0.06738131698205323,0.22727272727272735,-0.542447969069113,24
105,-0.41523913937053325,-0.47832752615059243,-0.18376722819523722,-0.2727272727272735,-0.5413334232348669,29
106,-0.43935864055157636,-0.457142856886436,0.09800918837651262,0.0,-0.5309527741148653,26
107,0.15376181993801494,0.12487804875612173,0.27565084224998215,0.22727272727272735,-0.5106048298424654,23
108,0.38399342196372216,0.34620209046904793,0.09188361409762165,0.49999999999999917,-0.4797886145592818,20
109,0.4464848567773443,0.4197909407961458,0.12251148544920126,0.0,-0.4382288960665365,19
110,0.2831300534407771,0.2759581880437253,0.42266462481474876,0.7272727272727265,-0.38589603833564695,20
111,0.2337947101385905,0.23247386766195216,0.45941807044522237,0.7272727272727265,-0.32302017887805334,26
112,0.37412635327258753,0.36571428558719676,0.5451761102639501,0.49999999999999917,-0.25009973097429544,29
113,0.3204056461332558,0.32334494783934137,0.8637059724661734,1.2727272727272734,-0.16790421076233286,31
114,0.28258188297072623,0.29324041828425634,0.6493108729193536,0.7272727272727265,-0.07747138918508552,28
115,0.2294093463014453,0.2363763066855775,0.17764165391634928,0.49999999999999917,0.019901231202759023,26
116,0.15979169522368258,0.16724738689419474,0.1470137825218899,0.22727272727272735,0.12267061456870304,32
117,0.10826367000292408,0.116515679587021,0.32465543643823613,0.0,0.22906806527716655,35
118,0.27435932572811406,0.2776306621897328,0.36753445634760074,0.22727272727272735,0.3371247765049742,33
119,0.22392764148582717,0.21853658532321857,0.19601837671014544,0.0,0.44470305399756177,30
120,0.2951898040121123,0.2993728221854995,0.42879019909363975,0.7272727272727265,0.5495332149660092,52
121,0.24037275593268023,0.23804878044136743,0.4532924961663284,0.49999999999999917,0.649256162124752,59
122,0.28093737152220516,0.2843205576030436,0.6493108729193536,0.7272727272727265,0.7414716328701344,67
123,0.19980814034315666,0.19121951215781902,0.34915773355380764,0.49999999999999917,0.8237921235996641,65
124,0.27216664380954214,0.2592334493152619,0.3981623277420601,0.49999999999999917,0.8939024891720347,74
125,0.3527477045185398,0.32557491271695915,0.1470137825218899,0.22727272727272735,0.9496252175079058,70
126,0.29628614499058525,0.2664808362406847,0.32465543643823613,0.22727272727272735,0.9889913793314894,61
127,0.4086610935764435,0.38132404168169814,0.7166921899014053,0.49999999999999917,1.0103172530528155,53
128,0.1828148554262541,0.17393728230752772,0.8330781010717141,1.0,1.0122866247907687,76
129,0.0814033164332582,0.07749128935072325,0.6186830015248942,0.49999999999999917,0.9940387635370207,61
130,0.15924352471526182,0.1399303137287952,0.6248085758037851,0.49999999999999917,0.9552620714605247,57
131,0.3445251473142989,0.3211149825714838,0.5022970903545855,-0.2727272727272735,0.8962934093527469,44
132,-0.1345758531025391,-0.14550522650818828,0.1408882082858772,0.0,0.8182230972140488,34
133,-0.29354529260196116,-0.3099651566224578,-0.2266462481046018,-0.2727272727272735,0.7230055899802543,47
134,0.26723310950234613,0.23191637614986232,0.07963246553983667,0.22727272727272735,0.6135758283904904,60
135,-0.058928326700738866,-0.0758188152047379,-0.25114854517729046,-0.2727272727272735,0.49397126499537214,60
136,-0.30999040701044295,-0.3110801392563977,-0.1286370597280907,-0.2727272727272735,0.36945956530623203,53
137,-0.606550637255238,-0.6316376303157917,-0.2266462481046018,-0.5000000000000008,0.24667198408502317,36
138,-0.9623132794166116,-1.0330313586277284,-0.5574272588217304,-0.5000000000000008,0.1337424167749208,31
139,-0.10733944278340558,-0.13175557295937967,-0.08908429252090716,-0.09061583577712769,0.04045212607171476,30
140,-0.503494586813721,-0.506202090437842,-0.5758039816584064,-0.5000000000000008,0.14971853037972002,32
141,-0.9074962313371795,-0.9282229961115835,-1.1638591118317179,-1.0,0.05543607787820401,28
142,-0.8987255036245171,-0.9254355397218981,-1.010719755030937,-1.2727272727272734,-0.019901231202759023,33
143,-0.9688913252107013,-1.016864111411377,-1.2067381317410826,-1.2727272727272734,-0.08159347490737089,33
144,-0.5292585994049146,-0.5519163760874506,-0.23277182238349428,-1.545454545454547,-0.1338386806791264,35
145,-0.9387419487439912,-1.005156794340501,-0.7656967840896578,-1.0,-0.17985483040505543,22
146,-0.7978621351015721,-0.8211846687178429,-0.4042879020209511,-1.0,-0.2219961903192067,13
147,-1.1530766068312668,-1.227595818687345,-0.6493108729193505,-1.0,-0.26186396576537285,13
148,-1.2808003288855059,-1.3797909406088662,-0.7044410413864985,-0.7727272727272727,-0.30041128081905755,21
149,-1.6305330957612112,-1.8229965151565466,-0.9923430321942627,-1.545454545454547,-0.3380424827686836,17
150,-0.6783609702515733,-0.6845993028908451,-0.12251148544919821,-0.7727272727272727,-0.37470677145604336,11
151,-0.8378785802210461,-0.8680139370013913,-0.4594180704452193,-1.0,-0.4099861534759889,8
152,-0.6262847745607646,-0.6377700346072968,-0.14088820828587414,-0.2727272727272735,-0.4431777212353657,8
153,-0.6405372070506724,-0.661184668749071,-0.006125574278890964,-0.7727272727272727,-0.4733702568711876,6
154,-0.511168973547911,-0.5390940763826347,-0.061255742746038996,-0.2727272727272735,-0.4995151610280508,6
155,-0.5155543373850568,-0.5363066199929493,-0.5758039816584064,-0.5000000000000008,-0.5204917064947946,7
156,-0.0901740441459212,-0.09867595822466206,0.1163859111703103,-0.2727272727272735,-0.5351666167003957,12
157,-0.06660271343492892,-0.07303135881503027,-0.11638591117030725,-0.2727272727272735,-0.542447969069113,17
158,-0.21680142526005922,-0.2341463414177421,-0.31852986220222346,0.0,-0.5413334232348669,10
159,0.009592983398552286,-0.04794425091746612,0.43491577337253373,0.22727272727272735,-0.5309527741148653,10
160,0.5193915307521505,0.47944250878448796,0.7411944870169722,0.22727272727272735,-0.5106048298424654,18
161,0.4294915718604418,0.39191637611865643,0.18376722819524025,0.0,-0.4797886145592818,19
162,0.6367000136835774,0.5976306621272989,1.151607963273936,1.0,-0.4382288960665365,12
163,0.1142935452885917,0.11540069695308111,0.2205206738257139,0.22727272727272735,-0.38589603833564695,22
164,0.33794710155858043,0.3305923343745244,0.055130168467148036,-0.2727272727272735,-0.32302017887805334,12
165,0.4185281622675781,0.4147735191385806,0.6983154671076076,1.0,-0.25009973097429544,21
166,0.22063861858878367,0.22745644600438694,0.4410413476514247,0.7272727272727265,-0.16790421076233286,18
167,0.24092092640273108,0.23749128931951738,0.2879019908077656,-0.2727272727272735,-0.07747138918508552,16
168,0.18610387828492772,0.19233449479173673,0.551301684542841,0.7272727272727265,0.019901231202759023,16
169,0.4612854597756749,0.44710801396154537,0.31240428792333247,-0.2727272727272735,0.12267061456870304,22
170,0.5736604083615332,0.5502439023316607,0.7779479326474473,0.7272727272727265,0.22906806527716655,17
171,0.4437440043887215,0.43484320537855736,0.7779479326474473,1.0,0.3371247765049742,25
172,0.4300397423688639,0.4158885017725205,0.9433384380060086,0.7272727272727265,0.44470305399756177,23
173,0.41633548031063355,0.4069686410913299,0.7534456355318759,0.7272727272727265,0.5495332149660092,12
174,0.26668493899392404,0.25756097555949414,0.6186830015248942,0.7272727272727265,0.649256162124752,25
175,0.2798410305437322,0.2659233451188568,0.5206738131912614,0.22727272727272735,0.7414716328701344,28
176,0.3346580786615356,0.3294773517405845,0.5941807044522056,0.49999999999999917,0.8237921235996641,27
177,0.4300397423688639,0.3958188151422818,0.40428790197807435,0.22727272727272735,0.8939024891720347,18
178,0.49417568863100847,0.4699651565912298,0.45941807044522237,0.49999999999999917,0.9496252175079058,23
179,0.48814581334534085,0.46271777005604675,0.3430321592749121,0.22727272727272735,0.9889913793314894,23
180,0.394408661086535,0.3818815331937658,0.5084226646334764,0.7272727272727265,1.0103172530528155,29
181,0.2919007811534387,0.2815331012133582,0.42266462481474876,0.49999999999999917,1.0122866247907687,38
182,0.2776483486251589,0.26034843194920176,0.36753445634760074,0.49999999999999917,0.9940387635370207,36
183,0.2337947101385905,0.21853658532321857,0.29402756508665656,0.22727272727272735,0.9552620714605247,43
184,-0.06495820198640649,-0.057979093842356784,0.18376722819524025,0.22727272727272735,0.8962934093527469,46
185,-0.09675208990163968,-0.10090592310225768,-0.018376722836674415,0.0,0.8182230972140488,31
186,-0.06550637249482723,-0.07470383257079802,-0.14088820828587414,-0.2727272727272735,0.7230055899802543,25
187,-0.16527340003930072,-0.18787456425604374,-0.18376722819523722,-0.7727272727272727,0.6135758283904904,40
188,-0.3450733177843491,-0.36181184656357146,-0.29402756508665195,-0.7727272727272727,0.49397126499537214,31
189,-0.48376044950819497,-0.5022996514141945,-0.4226646248147457,-0.7727272727272727,0.36945956530623203,38
190,-0.4536110730414842,-0.47331010449302724,-0.5022970903545824,-0.5000000000000008,0.24667198408502317,30
191,-0.40372755926924814,-0.4080836237252698,-0.10413476265540358,-0.5000000000000008,0.1337424167749208,22
192,-0.7216664382680915,-0.7264111495168284,-0.7350689127380782,-0.7727272727272727,0.14971853037972002,31
193,-0.6657530492101879,-0.6734494773320367,-0.7534456355747542,-0.7727272727272727,0.05543607787820401,26
194,-0.7890914074272817,-0.8105923342808846,-0.912710566654426,-1.2727272727272734,-0.019901231202759023,35
195,-0.7265999725752875,-0.7475958187809848,-0.8085758039990224,-1.0,-0.08159347490737089,36
196,-0.8433602850366629,-0.8652264806116837,-0.612557427288877,-1.0,-0.1338386806791264,39
197,-0.9760175414364699,-1.0124041808756619,-0.8392036753934818,-0.7727272727272727,-0.17985483040505543,25
198,-1.0790735918779877,-1.1199999997814925,-0.6493108729193505,-0.7727272727272727,-0.2219961903192067,31
199,-1.026449225717128,-1.0826480833009846,-0.6309341500826746,-1.0,-0.26186396576537285,37
200,-0.8724133205249021,-0.9048083619698093,-0.8147013782779149,-1.0,-0.30041128081905755,33
201,-0.6038097848282439,-0.6087804876861073,-0.5696784073795139,-0.5000000000000008,-0.3380424827686836,25
202,-0.9584760860495165,-1.0079442507301866,-0.5880551301733116,-0.7727272727272727,-0.37470677145604336,24
203,-0.8499383308307527,-0.8864111494856225,-0.20826952526792586,-1.0,-0.4099861534759889,18
204,-0.7238591201866648,-0.747038327268895,-0.22052067382571083,-0.7727272727272727,-0.4431777212353657,23
205,-0.8767986844004185,-0.8958885016788807,-0.33690658499601805,-0.5000000000000008,-0.4733702568711876,13
206,-0.646567082374712,-0.6684320556744716,-0.5329249617490434,-0.7727272727272727,-0.4995151610280508,18
207,-0.9738248595178967,-1.0124041808756619,-0.5329249617490434,-0.2727272727272735,-0.5204917064947946,14
208,-0.7485267918377574,-0.7771428568240021,-0.23277182238349428,-0.2727272727272735,-0.5351666167003957,17
209,-0.08085514596320598,-0.08250871061807087,0.23277182234061755,0.0,-0.542447969069113,22
210,-0.2118678909144919,-0.2040418118626349,0.08575803981872916,0.49999999999999917,-0.5413334232348669,13
211,-0.024941756905303657,-0.02452961677569191,0.21439509954681987,0.0,-0.5309527741148653,24
212,0.2513361655255439,0.24083623683105287,0.8085758039990254,0.7272727272727265,-0.5106048298424654,31
213,-0.045772235150930665,-0.0406968639920655,0.5819295558944206,0.22727272727272735,-0.4797886145592818,34
214,0.07043990680202326,0.07637630671680555,0.43491577337253373,0.22727272727272735,-0.4382288960665365,31
215,-0.00027408525421105095,0.017282229850269105,0.4777947932818968,0.7272727272727265,-0.38589603833564695,31
216,0.0019185966643622278,0.006132404291482921,0.36753445634760074,0.49999999999999917,-0.32302017887805334,38
217,0.1521173084894925,0.1583275262130042,0.5084226646334764,0.49999999999999917,-0.25009973097429544,49
218,-0.1356721940426408,-0.11428571431916341,0.30627871364444154,0.49999999999999917,-0.16790421076233286,42
219,-0.12635329585992833,-0.10871080114953054,0.41041347625696534,0.49999999999999917,-0.07747138918508552,49
220,0.019460052089686878,0.04515679452775848,0.4471669218874374,0.49999999999999917,0.019901231202759023,55
221,-0.09675208990163968,-0.08195121949622082,0.5574272588217319,0.7272727272727265,0.12267061456870304,80
222,-0.047416746599453094,-0.03289198594481482,0.4471669218874374,0.49999999999999917,0.22906806527716655,84
223,-0.00027408525421105095,0.007247386925400621,0.5022970903545855,0.49999999999999917,0.3371247765049742,72
224,0.012333835825546303,0.015609756094501352,0.5574272588217319,0.7272727272727265,0.44470305399756177,89
225,0.1943264355275385,0.18898954688993924,0.5819295558944206,0.7272727272727265,0.5495332149660092,115
226,0.3352062491315864,0.33114982588659203,0.9494640122849011,1.2727272727272734,0.649256162124752,179
227,0.2644922570753521,0.26703832736251254,0.8882082695388621,0.7272727272727265,0.7414716328701344,202
228,0.18171851444778117,0.17951219508692082,0.5758039816155296,0.49999999999999917,0.8237921235996641,272
229,0.2003563108132075,0.20069686396083744,0.49617151607569293,0.7272727272727265,0.8939024891720347,302
230,0.15979169522368258,0.14606271763003834,0.3430321592749121,0.22727272727272735,0.9496252175079058,395
231,-0.03371248457959405,-0.03289198594481482,0.6431852986404596,0.7272727272727265,0.9889913793314894,426
232,0.02603809784540399,0.013379790826643768,0.4777947932818968,0.49999999999999917,1.0103172530528155,461
233,0.11210086337001979,0.09310104544524678,0.5819295558944206,0.49999999999999917,1.0122866247907687,381
234,0.3105385774804938,0.28264808345703607,0.19601837671014544,0.22727272727272735,0.9940387635370207,333
235,0.16582157050935156,0.15554006982329655,0.40428790197807435,0.7272727272727265,0.9552620714605247,353
236,0.05838015623068802,0.051846689941091456,0.04287901990936458,-0.2727272727272735,0.8962934093527469,410
237,0.3116349184589654,0.28376306609097596,0.030627871351582653,-0.2727272727272735,0.8182230972140488,364
238,0.3900232972493898,0.36292682919748914,0.27565084224998215,0.22727272727272735,0.7230055899802543,359
239,-0.25078799505549443,-0.24752613224440803,-0.14088820828587414,-0.7727272727272727,0.6135758283904904,288
240,-0.09675208990163968,-0.09477351920101454,-0.3614088821115865,-0.2727272727272735,0.49397126499537214,221
241,-0.5774976017670002,-0.5887108010558686,-0.26952526801396637,-0.5000000000000008,0.36945956530623203,149
242,-0.4744415513254825,-0.4822299651742178,-0.24502297089839947,-0.2727272727272735,0.24667198408502317,112
243,0.09017404410754995,0.08864111490953161,0.04287901990936458,-0.2727272727272735,0.1337424167749208,154
244,-0.9908181444347999,-1.0586759580373604,-0.6493108729193505,-1.2727272727272734,0.14971853037972002,91
245,-0.8186926133855703,-0.8345644595444867,-0.618683001567771,-0.5000000000000008,0.05543607787820401,72
246,-0.978758393863464,-1.0213240415568525,-1.0535987749403017,-1.2727272727272734,-0.019901231202759023,56
247,-0.7233109497166139,-0.747038327268895,-0.4655436447241103,-1.0,-0.08159347490737089,46
248,-0.5977799095425756,-0.5998606270049167,-0.7350689127380782,-0.7727272727272727,-0.1338386806791264,37
249,-0.9102370837258023,-0.9449477348400469,-0.48392036756078627,-1.2727272727272734,-0.17985483040505543,26
250,-0.6158695354379511,-0.6104529614418972,-0.25114854517729046,-1.0,-0.2219961903192067,17
251,-0.883376730156137,-0.9031358882140638,-0.5513016845428379,-0.5000000000000008,-0.26186396576537285,17
252,-0.7594902014306211,-0.7816027873597173,-0.8453292496294945,-1.2727272727272734,-0.30041128081905755,20
253,-0.6295737974578088,-0.6383275261193866,-0.7350689127380782,-0.7727272727272727,-0.3380424827686836,11
254,-0.9699876661508017,-1.0246689894586278,-0.8392036753934818,-0.7727272727272727,-0.37470677145604336,7
255,-1.6694531999405842,-1.8793031356333754,-1.10872894336457,-1.7727272727272743,-0.4099861534759889,16
256,-1.7270111004470103,-1.9779790934677532,-0.8453292496294945,-1.2727272727272734,-0.4431777212353657,14
257,-1.0396053172285644,-1.128362368950593,-0.5329249617490434,-1.545454545454547,-0.4733702568711876,16
258,-0.42072084418615135,-0.43261324011072194,0.030627871351582653,0.0,-0.4995151610280508,5
259,-0.6991914485355716,-0.7386759580997942,-0.23889739666238524,-0.7727272727272727,-0.5204917064947946,2
260,-1.2057009729921262,-1.3062020902817462,-0.37978560490538266,-0.5000000000000008,-0.5351666167003957,6
261,-0.46621899412124157,-0.4855749126857533,0.2695252680139679,-0.2727272727272735,-0.542447969069113,5
262,-0.0035631081128846597,-0.007247386535183029,0.2388973966195085,0.0,-0.5413334232348669,4
263,-0.016719199662694223,-0.018954703606059043,-0.1286370597280907,-0.5000000000000008,-0.5309527741148653,3
264,0.22283130054572683,0.21351916366565335,0.006125574278894011,-0.2727272727272735,-0.5106048298424654,4
265,0.2222831300373061,0.21296167254380327,0.2082695252679289,0.22727272727272735,-0.4797886145592818,16
266,0.14773194461397607,0.14829268289789593,0.03675344563047362,0.0,-0.4382288960665365,8
267,0.17788132108068683,0.17393728230752772,0.2388973966195085,0.0,-0.38589603833564695,7
268,0.46841167603981415,0.4599303136663613,0.6983154671076076,0.7272727272727265,-0.32302017887805334,10
269,0.5276140879563914,0.50508710780388,0.8575803981872795,0.7272727272727265,-0.25009973097429544,14
270,0.2814855419922547,0.2726132405321676,1.0474732006185339,1.0,-0.16790421076233286,7
271,0.45306290257143406,0.44320557493792007,0.8882082695388621,0.7272727272727265,-0.07747138918508552,9
272,0.5840756475227186,0.5468989548201252,0.8637059724661734,1.0,0.019901231202759023,11
273,0.7463341098808128,0.7013240416192642,0.5758039816155296,0.49999999999999917,0.12267061456870304,23
274,0.7063176647997114,0.6489198605563227,0.6370597243615687,0.49999999999999917,0.22906806527716655,17
275,0.46457448267271984,0.4337282231349016,0.7656967840896609,0.22727272727272735,0.3371247765049742,19
276,0.7770316568175745,0.7113588849343725,1.2251148545348802,1.2727272727272734,0.44470305399756177,24
277,0.6032616143581945,0.5619512194025589,0.5206738131912614,0.22727272727272735,0.5495332149660092,17
278,0.6005207619311991,0.5474564459419752,0.8147013782779164,0.7272727272727265,0.649256162124752,28
279,0.6575304919675757,0.603763066028542,1.0107197549880604,0.49999999999999917,0.7414716328701344,40
280,0.6898725503528583,0.6260627175363763,0.9249617151693327,0.7272727272727265,0.8237921235996641,33
281,0.6509524462118572,0.592055748957666,1.0168453292669528,1.0,0.8939024891720347,31
282,0.545703713851767,0.5167944248747782,1.1761102603466247,1.2727272727272734,0.9496252175079058,33
283,0.5040427572837705,0.47331010449302724,0.36140888206870975,0.49999999999999917,0.9889913793314894,29
284,0.5013019048951477,0.46327526117791895,0.5022970903545855,0.7272727272727265,1.0103172530528155,30
285,0.3028641907463038,0.27874564443341077,0.2695252680139679,0.22727272727272735,1.0122866247907687,36
286,0.3894751267409677,0.3473170731029656,0.11026033689141629,0.22727272727272735,0.9940387635370207,48
287,0.3215019871117287,0.2820905923352082,0.35528330783269707,0.22727272727272735,0.9552620714605247,40
288,-0.08743319171892582,-0.08864111490953161,0.006125574278894011,0.22727272727272735,0.8962934093527469,28
289,-0.02384541592683207,-0.030104529555107184,-0.02450229711556538,0.0,0.8182230972140488,36
290,-0.11155269289996894,-0.11986062709857868,0.04287901990936458,0.0,0.7230055899802543,19
291,0.1630807180823562,0.15219512192152126,-0.006125574278890964,0.0,0.6135758283904904,34
292,-0.294093463072012,-0.29658536579579187,-0.08575803981872764,-0.2727272727272735,0.49397126499537214,23
293,-0.2787446896036319,-0.27930313594552275,-0.25727411945618295,-0.2727272727272735,0.36945956530623203,17
294,-0.5605043168500969,-0.5758885017413147,-0.6431852986404596,-0.2727272727272735,0.24667198408502317,17
295,-0.3620666027012523,-0.3540069685162986,-0.8698315467450614,-0.5000000000000008,0.14971853037972002,23
296,-0.3132794299074878,-0.3066202091109223,-0.41041347629984204,-0.5000000000000008,0.05543607787820401,14
297,-0.3511031931083886,-0.3495470383708454,-0.5329249617490434,-0.5000000000000008,-0.019901231202759023,20
298,-0.6229957516637198,-0.6416724736309221,-0.6983154671076061,-0.2727272727272735,-0.08159347490737089,13
299,-1.2210497464605063,-1.3296167244235204,-1.0413476263825168,-1.2727272727272734,-0.1338386806791264,23
300,-1.0642729888796576,-1.1183275260257246,-0.8820826953028449,-0.7727272727272727,-0.17985483040505543,20
301,-0.6114841715624346,-0.623275261146691,-0.8147013782779149,-0.7727272727272727,-0.2219961903192067,16
302,-0.654789639578953,-0.6823693376229654,-0.5329249617490434,-0.7727272727272727,-0.26186396576537285,16
303,-0.6536932986004806,-0.6695470383084114,-0.7105666156653896,-0.7727272727272727,-0.30041128081905755,23
304,-1.2035082910735537,-1.295052264332698,-0.7044410413864985,-1.0,-0.3380424827686836,14
305,-0.7249554611267651,-0.7358885017101088,-0.41653905053585477,-0.5000000000000008,-0.37470677145604336,15
306,-0.612580512540907,-0.6294076654381738,-0.4349157733725307,-0.2727272727272735,-0.4099861534759889,4
307,-0.8839249006261872,-0.9220905922103404,-0.34915773355380303,-1.0,-0.4431777212353657,5
308,-0.8077292037927066,-0.8295470382771835,-0.5513016845428379,-0.5000000000000008,-0.4733702568711876,5
309,-0.4146909689004824,-0.4220209056737858,-0.4226646248147457,-0.5000000000000008,-0.4995151610280508,11
310,-0.6317664793763821,-0.6427874562648398,-0.4655436447241103,-0.7727272727272727,-0.5204917064947946,11
311,-0.8159517609969476,-0.8445993028596172,-0.4655436447241103,-0.2727272727272735,-0.5351666167003957,7
312,-0.7265999725752875,-0.7448083620010374,-0.5145482389123673,-0.2727272727272735,-0.542447969069113,4
313,-0.948060846926703,-0.98787456409997,-0.7595712098107669,-0.5000000000000008,-0.5413334232348669,6
314,-0.3971495135135297,-0.38857142860712096,-0.5880551301733116,-0.2727272727272735,-0.5309527741148653,5
315,0.009592983398552286,0.007804878047250676,-0.20826952526792586,0.0,-0.5106048298424654,2
316,0.317664793744633,0.3082926828666679,0.3859111791842767,0.22727272727272735,-0.4797886145592818,4
317,0.21570508428158763,0.21797909420136852,0.25727411945618445,0.49999999999999917,-0.4382288960665365,2
318,-0.012333835825546303,-0.0033449475115355084,-0.11638591117030725,0.22727272727272735,-0.38589603833564695,4
319,-0.008496642458451956,-0.004459930145475391,-0.3307810107171271,0.0,-0.32302017887805334,6
320,0.24420994929977594,0.2330313587838022,0.20214395098903792,0.22727272727272735,-0.25009973097429544,6
321,0.1455392626954055,0.15108013928760358,0.31240428792333247,0.7272727272727265,-0.16790421076233286,4
322,0.35768123886410713,0.3489895468587334,0.3430321592749121,0.22727272727272735,-0.07747138918508552,6
323,0.2710703028694391,0.26425087097282707,0.024502297072688643,0.49999999999999917,0.019901231202759023,11
324,0.12032342057425933,0.13547038319308002,0.12863705972809222,0.49999999999999917,0.12267061456870304,16
325,0.21406057283306518,0.22745644600438694,-0.018376722836674415,0.49999999999999917,0.22906806527716655,9
326,0.37522269425105914,0.375191637780455,0.19601837671014544,0.7272727272727265,0.3371247765049742,12
327,0.24859531313692113,0.24641115000070793,0.3430321592749121,0.0,0.44470305399756177,13
328,0.2650404275837742,0.2659233451188568,-0.18376722819523722,0.0,0.5495332149660092,27
329,0.22666849391282254,0.21017421615409565,0.23277182234061755,0.49999999999999917,0.649256162124752,21
330,0.6345073317650042,0.5714285712055772,0.5451761102639501,0.22727272727272735,0.7414716328701344,19
331,0.43661778812458096,0.39247386763074626,0.31240428792333247,0.22727272727272735,0.8237921235996641,17
332,0.6043579552982947,0.5591637630128512,-0.07350689126094266,0.0,0.8939024891720347,24
333,0.6767164588030502,0.6422299651429897,0.2817764165288731,0.49999999999999917,0.9496252175079058,27
334,0.2644922570753521,0.25087108014616116,0.08575803981872916,0.49999999999999917,0.9889913793314894,30
335,0.42565437849334603,0.39526132402043174,0.030627871351582653,0.22727272727272735,1.0103172530528155,29
336,0.25078799505549304,0.23470383292980973,0.15313935680078086,0.22727272727272735,1.0122866247907687,25
337,0.5363848156690545,0.49560975600086155,0.7840735069263368,0.7272727272727265,0.9940387635370207,35
338,0.11977525010420985,0.10648083627191274,-0.07350689126094266,-0.5000000000000008,0.9552620714605247,33
339,0.33356173768306396,0.31721254354785844,-0.15926493107967182,-0.2727272727272735,0.8962934093527469,30
340,-0.0594764972091596,-0.07080139354717269,-0.4532924962092051,-0.2727272727272735,0.8182230972140488,29
341,0.004111278621305399,-0.0033449475115355084,-0.5758039816584064,-0.2727272727272735,0.7230055899802543,31
342,0.1137453748185395,0.08585365851982397,-0.6860643185498226,0.0,0.6135758283904904,29
343,-0.9107852541958531,-0.9778397211751015,-0.9433384380060071,-0.5000000000000008,0.49397126499537214,22
344,-0.9924626558833223,-1.08655052232461,-1.0352220521036257,-1.0,0.36945956530623203,27
345,-0.9590242565195667,-1.0380487802852938,-0.967840735121574,-0.7727272727272727,0.24667198408502317,24
346,-1.4118130738367898,-1.5698954701327454,-1.157733537552827,-1.545454545454547,0.1337424167749208,26
347,-0.1745922982220132,-0.1689198606499625,-0.25114854517729046,-0.5000000000000008,0.14971853037972002,29
348,-0.715636562982424,-0.7370034839537645,-1.0903522205707739,-0.7727272727272727,0.05543607787820401,22
349,-0.979854734803565,-1.0341463412616683,-1.2128637060199734,-1.545454545454547,-0.019901231202759023,33
350,-0.6361518432135272,-0.647804877922405,-0.9923430321942627,-0.7727272727272727,-0.08159347490737089,24
351,-0.7419487460436683,-0.747038327268895,-1.10872894336457,-0.7727272727272727,-0.1338386806791264,30
352,-1.0642729888796576,-1.1205574909033424,-1.50689127110663,-1.545454545454547,-0.17985483040505543,20
353,-0.6964505961469488,-0.7063414632768295,-1.1332312404801383,-0.7727272727272727,-0.2219961903192067,17
354,-0.851034671770853,-0.8685714285134811,-1.0842266462918813,-0.7727272727272727,-0.26186396576537285,24
355,-1.1130601617117928,-1.1606968637735577,-1.1761102603895028,-0.7727272727272727,-0.30041128081905755,28
356,-1.1306016170987467,-1.1852264805492498,-1.1332312404801383,-0.7727272727272727,-0.3380424827686836,18
357,-1.09551870632484,-1.1517770030923673,-1.225114854577757,-0.7727272727272727,-0.37470677145604336,13
358,-1.0012333835576135,-1.0458536583325444,-1.0597243491763144,-0.7727272727272727,-0.4099861534759889,9
359,-0.9995888721474622,-1.0491986058440799,-0.8147013782779149,-1.0,-0.4431777212353657,14
360,-0.9979443606989398,-1.042508710430769,-0.912710566654426,-1.0,-0.4733702568711876,11
361,-1.281348499355556,-1.406550522262176,-0.7963246554841172,-0.5000000000000008,-0.4995151610280508,11
362,-1.33616554747336,-1.4723344945420231,-0.5635528331006229,-1.2727272727272734,-0.5204917064947946,19
363,-0.5106208030778602,-0.5262717766778188,0.19601837671014544,-0.7727272727272727,-0.5351666167003957,10
364,-0.2540770179525379,-0.2447386758547004,0.2388973966195085,0.0,-0.542447969069113,8
365,-0.2891599287264447,-0.2809756097012905,0.30627871364444154,0.22727272727272735,-0.5413334232348669,8
366,-0.2639440866053013,-0.25310104502380115,0.15313935680078086,-0.2727272727272735,-0.5309527741148653,9
367,-0.3204056461716277,-0.3066202091109223,0.15926493107967335,0.49999999999999917,-0.5106048298424654,3
368,-0.06605454296487807,-0.07191637618109038,0.04287901990936458,0.0,-0.4797886145592818,7
369,0.20583801562882428,0.2073867597644102,0.024502297072688643,-0.2727272727272735,-0.4382288960665365,14
370,0.30231602027625293,0.28376306609097596,0.5941807044522056,0.49999999999999917,-0.38589603833564695,4
371,0.3894751267409677,0.3763066200241329,0.7718223583685518,0.49999999999999917,-0.32302017887805334,9
372,0.3456214882927705,0.34174216032355037,0.6186830015248942,0.49999999999999917,-0.25009973097429544,14
373,0.30834589556192055,0.3088501743787577,0.5145482389123689,0.7272727272727265,-0.16790421076233286,7
374,0.38892695627091683,0.3779790941701405,0.7718223583685518,0.49999999999999917,-0.07747138918508552,9
375,0.42839523092034004,0.4153310102604307,0.6003062787310965,0.7272727272727265,0.019901231202759023,3
376,0.46567082361282014,0.45101045298517073,0.29402756508665656,0.22727272727272735,0.12267061456870304,3
377,0.30121967929778,0.2999303136975672,0.26339969373507693,0.0,0.22906806527716655,14
378,0.5171988488335786,0.5028571429262622,0.61255742728888,1.0,0.3371247765049742,12
379,0.4437440043887215,0.4393031359142725,0.45941807044522237,0.49999999999999917,0.44470305399756177,10
380,0.48321227899977354,0.4727526133711772,0.5145482389123689,0.7272727272727265,0.5495332149660092,21
381,0.5182951898120502,0.4905923343433185,0.3307810107171302,0.0,0.649256162124752,26
382,0.5665341921357652,0.5296167245795941,0.6493108729193536,1.0,0.7414716328701344,47
383,0.8488419898522804,0.7676655050209615,0.7473200612529849,0.7272727272727265,0.8237921235996641,42
384,0.7660682472247108,0.7024390242532041,0.7228177641802963,1.0,0.8939024891720347,31
385,0.3823489105151997,0.36627177709926445,0.5084226646334764,0.49999999999999917,0.9496252175079058,34
386,0.7605865424090941,0.7108013938125446,0.15926493107967335,-0.5000000000000008,0.9889913793314894,33
387,0.5670823626058147,0.5229268291662611,0.551301684542841,0.22727272727272735,1.0103172530528155,52
388,0.42017267367772926,0.3857839722174133,0.06125574270316226,0.0,1.0122866247907687,56
389,0.378511717148104,0.3344947733981497,0.2082695252679289,0.49999999999999917,0.9940387635370207,70
390,0.27600383717663785,0.2553310102916365,0.5022970903545855,0.7272727272727265,0.9552620714605247,112
391,0.10113745373878351,0.09700348446887212,0.22664624810460485,0.49999999999999917,0.8962934093527469,70
392,-0.02603809784540399,-0.039581881358147795,0.055130168467148036,0.0,0.8182230972140488,47
393,0.34781417021134375,0.337839721299925,0.04900459418825707,0.49999999999999917,0.7230055899802543,48
394,0.3604220912527299,0.3473170731029656,0.01837672279379768,0.49999999999999917,0.6135758283904904,49
395,0.06495820198640649,0.0501742161853237,-0.23277182238349428,0.22727272727272735,0.49397126499537214,66
396,-0.11593805673711413,-0.11484320544101347,-0.1960183767530222,-0.5000000000000008,0.36945956530623203,56
397,-0.26339591613525176,-0.25421602765774104,-0.27565084229285886,-0.2727272727272735,0.24667198408502317,61
398,-0.04906125804797553,-0.03735191648052999,-0.21439509954681987,-0.2727272727272735,0.1337424167749208,67
399,-0.10733944278340558,-0.13175557295937967,-0.08908429252090716,-0.09061583577712769,0.14971853037972002,64
400,-0.18007400299925874,-0.16278745635850175,-0.3675344563904775,0.0,0.05543607787820401,68
401,-0.23927641495420865,-0.2319163761498845,-0.9984686064731536,-1.0,-0.019901231202759023,49
402,-0.3648074551282463,-0.36571428558719676,-0.6860643185498226,-0.7727272727272727,-0.08159347490737089,50
403,-0.48759764287529,-0.4905923343433185,-0.2879019908077625,-0.2727272727272735,-0.1338386806791264,56
404,-0.5643415102171919,-0.5758885017413147,-0.26952526801396637,-0.7727272727272727,-0.17985483040505543,75
405,0.09839660135016075,0.07080139393741246,0.01837672279379768,0.0,-0.2219961903192067,63
406,-1.273674112621366,-1.3836933796324915,-1.20061255746219,-1.2727272727272734,-0.26186396576537285,62
407,-0.5199397012605733,-0.5201393727765756,-0.4042879020209511,-0.7727272727272727,-0.30041128081905755,41
408,-0.7276963135537599,-0.7598606269737108,-0.6860643185498226,-0.7727272727272727,-0.3380424827686836,50
409,-0.2880635877863444,-0.2926829267721665,-0.600306278731095,-0.7727272727272727,-0.37470677145604336,34
410,-0.9458681650081304,-0.9912195120017453,-0.9984686064731536,-1.0,-0.4099861534759889,31
411,-0.5188433602821011,-0.5262717766778188,-0.4226646248147457,-0.2727272727272735,-0.4431777212353657,38
412,-0.3198574756632063,-0.3194425084254762,-0.6431852986404596,-0.5000000000000008,-0.4733702568711876,30
413,-0.45909277785710234,-0.48055749102821027,-0.5084226646334719,-0.5000000000000008,-0.4995151610280508,32
414,-0.16472522953087862,-0.1862020905002538,-0.12251148544919821,-0.2727272727272735,-0.5204917064947946,26
415,-0.6975469370870484,-0.7431358882452695,-0.6921898928287136,-0.5000000000000008,-0.5351666167003957,30
416,0.1532136494295942,0.15108013928760358,-0.14701378256476663,0.0,-0.542447969069113,36
417,-0.2343428806470126,-0.24195121946499276,-0.18376722819523722,-0.2727272727272735,-0.5413334232348669,35
418,-0.12635329585992833,-0.1315679441694547,-0.030627871351579607,-0.2727272727272735,-0.5309527741148653,46
419,0.6838426750671908,0.6305226480720916,0.30015313936554905,0.22727272727272735,-0.5106048298424654,48
420,0.6443744004177675,0.6137979093436503,0.32465543643823613,0.7272727272727265,-0.4797886145592818,44
421,0.3582294093341566,0.3528919858823587,0.27565084224998215,0.49999999999999917,-0.4382288960665365,51
422,0.828559682038333,0.7821602784815451,0.5206738131912614,0.49999999999999917,-0.38589603833564695,59
423,0.3922159791679631,0.3857839722174133,0.3797856049053857,0.49999999999999917,-0.32302017887805334,71
424,0.6284774564793365,0.6043205575406319,0.42879019909363975,0.49999999999999917,-0.25009973097429544,102
425,0.5550226120344794,0.5463414633080353,0.6003062787310965,1.0,-0.16790421076233286,128
426,0.5983280800126272,0.5764459928631425,0.5022970903545855,0.0,-0.07747138918508552,127
427,0.3390434424986808,0.32836236949690656,0.5022970903545855,0.49999999999999917,0.019901231202759023,150
428,0.4272988899418685,0.41198606274887295,0.1470137825218899,0.49999999999999917,0.12267061456870304,191
429,0.6580786624376251,0.6210452962690731,0.4532924961663284,0.49999999999999917,0.22906806527716655,256
430,0.6904207208229092,0.6556097559696556,0.5329249617061651,0.7272727272727265,0.3371247765049742,329
431,0.8378785802210454,0.7843902437494027,0.7963246554412404,0.7272727272727265,0.44470305399756177,263
432,0.8356858983024735,0.7882926827730281,0.8575803981872795,1.0,0.5495332149660092,220
433,0.8422639440581907,0.7626480833633963,0.35528330783269707,0.22727272727272735,0.649256162124752,204
434,0.7967657941614711,0.7342160279543188,0.6615620214342572,0.0,0.7414716328701344,181
435,0.7260518021052381,0.6684320556744716,0.4777947932818968,0.7272727272727265,0.8237921235996641,99
436,0.7731944634504788,0.7135888502022301,0.6493108729193536,0.7272727272727265,0.8939024891720347,54
437,0.6712347539874334,0.6294076654381738,0.2388973966195085,0.7272727272727265,0.9496252175079058,80
438,0.47170069889848776,0.42592334508762875,0.30015313936554905,0.49999999999999917,0.9889913793314894,102
439,0.6087433191738112,0.5753310102292026,0.4471669218874374,0.7272727272727265,1.0103172530528155,127
440,0.48321227899977354,0.45491289200879603,0.23277182234061755,0.22727272727272735,1.0122866247907687,73
441,0.6054542962767664,0.5669686410601019,0.40428790197807435,0.49999999999999917,0.9940387635370207,68
442,0.5922982047269582,0.5541463413553082,0.21439509954681987,0.22727272727272735,0.9552620714605247,64
443,0.6339591612949547,0.5836933797885431,0.09188361409762165,0.22727272727272735,0.8962934093527469,55
444,0.39769768398357985,0.3796515679259304,0.24502297089840253,0.22727272727272735,0.8182230972140488,67
445,0.3050568726648757,0.28710801399275127,-0.20826952526792586,0.22727272727272735,0.7230055899802543,84
446,0.013430176765646633,0.017839721362358934,-0.28177641657174984,0.0,0.6135758283904904,85
447,-0.09401123751301554,-0.10703832739376279,-0.6738131699920392,-0.2727272727272735,0.49397126499537214,67
448,0.051253939966547445,0.0362369338465901,-0.600306278731095,0.0,0.36945956530623203,73
449,-0.1625325476123067,-0.1616724737245619,-0.49004594183967876,0.0,0.24667198408502317,89
450,-0.10278196518730594,-0.09031358866532155,-0.5513016845428379,-0.2727272727272735,0.1337424167749208,68
451,-0.10733944278340558,-0.13175557295937967,-0.08908429252090716,-0.09061583577712769,0.04045212607171476,59
452,-0.1455392626954028,-0.1365853658270199,-0.7044410413864985,-0.2727272727272735,0.14971853037972002,56
453,-0.5139098259365338,-0.5179094075087181,-0.9188361409333184,-1.2727272727272734,0.05543607787820401,77
454,-0.40811292310639335,-0.4052961669453224,-0.955589586563789,-0.7727272727272727,-0.019901231202759023,75
455,-0.6750719473545284,-0.6812543553792875,-0.9984686064731536,-0.7727272727272727,-0.08159347490737089,47
456,-1.5696861723961113,-1.7527526127312238,-1.3047473201175936,-1.545454545454547,-0.1338386806791264,50
457,-1.7138550088972035,-1.9099651563103104,-1.6355283308347222,-2.2727272727272734,-0.17985483040505543,42
458,-1.0001370426175131,-1.060348431793128,-1.237366003092662,-1.545454545454547,-0.2219961903192067,28
459,-1.665067836065067,-1.8781881529994133,-1.3598774885418619,-1.7727272727272743,-0.26186396576537285,37
460,-0.8066328628142344,-0.833449477300831,-0.9494640122848981,-1.0,-0.30041128081905755,37
461,-1.111415650263271,-1.1807665504037965,-0.967840735121574,-1.0,-0.3380424827686836,27
462,-0.9930108263533725,-1.046968640966462,-0.9984686064731536,-1.0,-0.37470677145604336,12
463,-0.8291078525467545,-0.8652264806116837,-0.661562021477134,-0.7727272727272727,-0.4099861534759889,15
464,-0.42181718512625105,-0.41756097552828825,-0.6309341500826746,-0.5000000000000008,-0.4431777212353657,22
465,-0.8006029875285667,-0.8485017418832425,-0.6860643185498226,-0.7727272727272727,-0.4733702568711876,8
466,-1.0966150472649403,-1.1868989543050397,-0.7840735069263337,-0.7727272727272727,-0.4995151610280508,15
467,-0.36974098943544237,-0.3601393728077815,-0.1286370597280907,0.0,-0.5204917064947946,17
468,-0.48759764287529,-0.48613240419784315,-0.2266462481046018,-0.2727272727272735,-0.5351666167003957,10
469,-0.013978347274068735,-0.01226480819274825,0.43491577337253373,-0.2727272727272735,-0.542447969069113,9
470,-0.3319172262729128,-0.3411846688115049,-0.11026033693429454,-0.5000000000000008,-0.5413334232348669,11
471,-0.06934356586192295,-0.0696864109132328,0.26339969373507693,0.22727272727272735,-0.5309527741148653,20
472,0.3094422365403921,0.2993728221854995,0.5022970903545855,0.7272727272727265,-0.5106048298424654,13
473,0.3116349184589654,0.30773519174481784,0.5145482389123689,0.49999999999999917,-0.4797886145592818,11
474,0.3922159791679631,0.3835540069495557,0.30015313936554905,0.0,-0.4382288960665365,16
475,0.4415513224701483,0.4264808362094788,0.2082695252679289,0.49999999999999917,-0.38589603833564695,11
476,0.3883787858008673,0.3779790941701405,0.0,0.0,-0.32302017887805334,7
477,0.46786350553139344,0.4588153310324214,0.5267993874701523,1.0,-0.25009973097429544,17
478,0.17788132108068683,0.18452961674448604,0.07963246553983667,0.0,-0.16790421076233286,14
479,0.3730300123324872,0.3696167246108221,0.024502297072688643,0.22727272727272735,-0.07747138918508552,13
480,0.572015896951382,0.5519163760874284,-0.22052067382571083,-0.5000000000000008,0.019901231202759023,15
481,0.41085377553338803,0.40083623679984703,0.3797856049053857,0.49999999999999917,0.12267061456870304,30
482,0.6619158558047209,0.6243902437806086,0.49617151607569293,0.0,0.22906806527716655,25
483,0.529806769913336,0.5056445993159698,0.3736600306264932,0.49999999999999917,0.3371247765049742,40
484,0.5758530903184776,0.5502439023316607,0.49617151607569293,1.0,0.44470305399756177,44
485,0.5862683294412905,0.5513588849656005,0.27565084224998215,0.49999999999999917,0.5495332149660092,25
486,0.6054542962767664,0.5652961673043341,0.4165390505358578,0.49999999999999917,0.649256162124752,21
487,0.5670823626058147,0.5285017419456541,0.46554364472411336,1.0,0.7414716328701344,48
488,0.72057009728962,0.6388850172412145,0.5145482389123689,0.7272727272727265,0.8237921235996641,56
489,0.5303549403833868,0.4894773517093786,0.5329249617061651,0.7272727272727265,0.8939024891720347,60
490,0.5807866246256724,0.5374216026268669,0.6431852986404596,0.49999999999999917,0.9496252175079058,45
491,0.49417568863100847,0.47219512185908735,0.3369065849960211,0.22727272727272735,0.9889913793314894,55
492,0.18117034397773168,0.16557491274816505,-0.018376722836674415,0.22727272727272735,1.0103172530528155,32
493,0.5692750445243879,0.535749128871077,-0.1960183767530222,0.49999999999999917,1.0122866247907687,46
494,0.7331780183693773,0.6567247386035734,0.19601837671014544,0.22727272727272735,0.9940387635370207,61
495,0.4536110730414849,0.42313588830768134,0.09800918837651262,0.49999999999999917,0.9552620714605247,42
496,0.1789776620591584,0.16557491274816505,-0.14088820828587414,0.49999999999999917,0.8962934093527469,37
497,0.3779635466396833,0.344529616713258,-0.21439509954681987,0.0,0.8182230972140488,43
498,0.3982458544536307,0.32724738686296667,-0.2633996937350739,0.22727272727272735,0.7230055899802543,34
499,-0.23982458546263075,-0.2620209057049917,-0.4777947932818938,-0.7727272727272727,0.6135758283904904,40
500,-0.5435110319331944,-0.5747735191073747,-0.9800918836364777,-0.5000000000000008,0.49397126499537214,25
501,-1.1903521995237454,-1.2822299650181441,-0.9739663093575867,-1.0,0.36945956530623203,16
502,-0.9190078114384652,-0.9689198604938888,-1.0168453292669513,-0.5000000000000008,0.24667198408502317,17
503,-0.604357955336666,-0.6087804876861073,-0.7473200612958631,-0.7727272727272727,0.1337424167749208,17
504,-0.42565437849334675,-0.42592334469741117,-0.89433384381775,-0.5000000000000008,0.14971853037972002,16
505,-0.8515828422409039,-0.8802787455843794,-0.9004594180966425,-0.5000000000000008,0.05543607787820401,23
506,-1.6201178566383982,-1.7928919856014394,-1.5436447167371021,-1.2727272727272734,-0.019901231202759023,18
507,-1.8678909140510576,-2.1931707312794364,-1.8744257274542309,-2.2727272727272734,-0.08159347490737089,18
508,-1.0050705769247084,-1.0586759580373604,-0.8759571210239538,-1.0,-0.1338386806791264,9
509,-0.836234068772523,-0.8496167245171823,-0.9800918836364777,-1.0,-0.17985483040505543,7
510,-0.8493901603223313,-0.857421602564433,-0.8637059724661704,-0.7727272727272727,-0.2219961903192067,7
511,-1.2133753597263164,-1.2772125433605788,-1.0474732006614107,-1.0,-0.26186396576537285,4
512,-1.2451692476415495,-1.363623693002253,-1.1516079632739313,-1.2727272727272734,-0.30041128081905755,3
513,-1.963272577758386,-2.2650871074605265,-1.3782542113785379,-1.545454545454547,-0.3380424827686836,2
514,-1.5707825133362123,-1.7360278740027604,-0.9188361409333184,-0.7727272727272727,-0.37470677145604336,8
515,-1.4973276688913546,-1.647386759093251,-1.0352220521036257,-1.545454545454547,-0.4099861534759889,3
516,-1.6097026175155849,-1.8096167243298806,-1.2067381317410826,-1.2727272727272734,-0.4431777212353657,1
517,-0.6805536521701465,-0.7080139370326194,-0.6983154671076061,-0.5000000000000008,-0.4733702568711876,1
518,-0.8373304097509953,-0.8819512193401249,-0.5329249617490434,-1.0,-0.4995151610280508,2
519,-0.982595587230559,-1.0213240415568525,-0.606431853009986,-1.0,-0.5204917064947946,3
520,-0.4640263121642977,-0.4655052264457766,-0.12251148544919821,-0.2727272727272735,-0.5351666167003957,3
521,-0.5188433602821011,-0.5106620205832952,-0.030627871351579607,-0.5000000000000008,-0.542447969069113,2
522,-0.45799643687863006,-0.461602787422129,-0.24502297089839947,-0.2727272727272735,-0.5413334232348669,0
523,-0.35055502259996724,-0.3484320557369055,-0.2633996937350739,-0.7727272727272727,-0.5309527741148653,0
524,-0.22831300536134497,-0.22689895449234146,-0.17151607963745527,0.0,-0.5106048298424654,2
525,-0.09401123751301554,-0.08585365851984617,0.1470137825218899,0.22727272727272735,-0.4797886145592818,2
526,0.07756612306616384,0.08585365851982397,0.27565084224998215,0.22727272727272735,-0.4382288960665365,0
527,-0.1449910922253533,-0.12153310085434643,0.3307810107171302,0.22727272727272735,-0.38589603833564695,6
528,0.17514046869206132,0.19233449479173673,0.09188361409762165,0.49999999999999917,-0.32302017887805334,3
529,-0.04851308757792468,-0.031219512189024884,0.2388973966195085,0.22727272727272735,-0.25009973097429544,6
530,0.1559545018565882,0.16557491274816505,0.32465543643823613,0.7272727272727265,-0.16790421076233286,2
531,0.15869535424521097,0.16724738689419474,0.4532924961663284,0.7272727272727265,-0.07747138918508552,3
532,0.24201726738120266,0.24641115000070793,0.5635528331006275,0.22727272727272735,0.019901231202759023,2
533,0.1921337536089666,0.20069686396083744,0.4777947932818968,0.49999999999999917,0.12267061456870304,4
534,0.38892695627091683,0.3763066200241329,0.42879019909363975,0.0,0.22906806527716655,5
535,0.4497738796743892,0.43595818801249725,0.4532924961663284,0.0,0.3371247765049742,2
536,0.47389338081706106,0.46383275268998664,0.6003062787310965,0.49999999999999917,0.44470305399756177,9
537,0.462929971224196,0.44933797922940294,0.6493108729193536,0.49999999999999917,0.5495332149660092,2
538,0.5369329861391053,0.5028571429262622,-0.012251148557781928,-0.5000000000000008,0.649256162124752,4
539,0.6032616143581945,0.5636236931583266,0.3307810107171302,0.49999999999999917,0.7414716328701344,8
540,0.5687268740543385,0.5324041809692796,0.4165390505358578,0.0,0.8237921235996641,6
541,0.5106208030778602,0.48278745629604564,0.23277182234061755,0.49999999999999917,0.8939024891720347,3
542,0.48101959708120023,0.44878048771731316,0.13476263400698776,0.49999999999999917,0.9496252175079058,11
543,0.6367000136835774,0.5959581879812914,0.2388973966195085,0.49999999999999917,0.9889913793314894,14
544,0.11484171575864255,0.11317073168522353,0.25114854517729346,0.22727272727272735,1.0103172530528155,15
545,0.3346580786615356,0.31999999993756606,0.36140888206870975,0.49999999999999917,1.0122866247907687,20
546,0.1093600109430244,0.10871080153974813,-0.030627871351579607,0.22727272727272735,0.9940387635370207,9
547,0.4459366863072948,0.41087108011495527,0.1408882082858772,0.22727272727272735,0.9552620714605247,20
548,-0.6038097848282439,-0.7057839717647396,-0.5758039816584064,-0.5000000000000008,0.8962934093527469,28
549,-0.7063176647997114,-0.7799303132136876,-0.37978560490538266,-0.2727272727272735,0.8182230972140488,38
550,-0.30505687270324694,-0.30717770023275015,-0.14701378256476663,0.0,0.7230055899802543,30
551,-0.0298752912124997,-0.02285714262968438,-0.39203675346316613,0.0,0.6135758283904904,30
552,-0.023297245456781225,-0.01728222985029129,-0.17151607963745527,0.0,0.49397126499537214,23
553,-0.6060024667468165,-0.611010452953987,-0.5574272588217304,-0.5000000000000008,0.36945956530623203,16
554,-0.5254214060378195,-0.512891985851175,-0.7840735069263337,-0.5000000000000008,0.24667198408502317,22
555,-0.5325476223019587,-0.5513588849656005,-0.89433384381775,-1.0,0.14971853037972002,28
556,-0.6728792654359564,-0.6868292681586806,-0.8147013782779149,-0.7727272727272727,0.05543607787820401,14
557,-1.1168973550788877,-1.1868989543050397,-0.9188361409333184,-1.545454545454547,-0.019901231202759023,17
558,-0.8055365218357621,-0.81505226442636,-0.967840735121574,-1.0,-0.08159347490737089,20
559,-0.5577634644231029,-0.5441114980401999,-0.8453292496294945,-0.7727272727272727,-0.1338386806791264,17
560,-0.9299712210313289,-0.962229965080578,-0.9494640122848981,-0.7727272727272727,-0.17985483040505543,10
561,-0.7973139646315219,-0.8078048778911769,-0.8024502297201315,-0.7727272727272727,-0.2219961903192067,13
562,-1.0489242154112768,-1.0843205570567522,-1.0535987749403017,-1.545454545454547,-0.26186396576537285,20
563,-0.9847882691491322,-1.0268989543362455,-1.0290964778247347,-0.5000000000000008,-0.30041128081905755,9
564,-1.2128271892562654,-1.3234843201320374,-1.0781010720129902,-1.545454545454547,-0.3380424827686836,18
565,-0.5544744415644293,-0.5541463413553082,-0.22052067382571083,-0.2727272727272735,-0.37470677145604336,9
566,-0.9014663560131398,-0.9371428567927963,-0.37978560490538266,-0.5000000000000008,-0.4099861534759889,8
567,-0.48979032479386325,-0.49951219502450905,-0.5022970903545824,-0.5000000000000008,-0.4431777212353657,19
568,-0.5742085788699552,-0.5714285712055994,-0.05513016846714651,-0.2727272727272735,-0.4733702568711876,11
569,-0.6443744004177675,-0.648362369044255,-0.4042879020209511,-0.5000000000000008,-0.4995151610280508,4
570,-0.9266821981726553,-0.9616724735684882,-0.22052067382571083,-0.2727272727272735,-0.5204917064947946,6
571,-0.46128545977567426,-0.45491289200881824,-0.006125574278890964,0.0,-0.5351666167003957,6
572,-0.6794573112300455,-0.6896167245483882,-0.1960183767530222,-0.2727272727272735,-0.542447969069113,8
573,-0.023297245456781225,-0.03177700331089712,0.1163859111703103,0.0,-0.5413334232348669,13
574,0.16746608195787263,0.1594425088469219,0.27565084224998215,0.7272727272727265,-0.5309527741148653,8
575,-0.03919418939521219,-0.039581881358147795,0.6921898928287167,0.22727272727272735,-0.5106048298424654,8
576,0.06276552006783322,0.07581881520471571,0.539050535985056,1.0,-0.4797886145592818,5
577,0.034808825558067,0.04738675979563825,0.36753445634760074,0.49999999999999917,-0.4382288960665365,16
578,0.16033986569373343,0.17226480855175996,0.5574272588217319,0.49999999999999917,-0.38589603833564695,12
579,-0.10333013565735678,-0.09365853656709684,0.2205206738257139,0.49999999999999917,-0.32302017887805334,11
580,0.30834589556192055,0.31275261340240523,0.606431853009989,0.49999999999999917,-0.25009973097429544,18
581,0.3505550225999665,0.3540069685162986,0.43491577337253373,0.7272727272727265,-0.16790421076233286,10
582,0.35000685212991706,0.3517770036386808,0.48392036756078777,0.49999999999999917,-0.07747138918508552,22
583,0.2464026312183492,0.2491986063903934,0.3859111791842767,0.0,0.019901231202759023,14
584,0.3604220912527299,0.3551219511502163,0.5880551301733131,0.49999999999999917,0.12267061456870304,16
585,0.35548855694553383,0.35790940753992395,0.36140888206870975,0.22727272727272735,0.22906806527716655,18
586,0.5753049198100556,0.5669686410601019,0.30627871364444154,0.49999999999999917,0.3371247765049742,27
587,0.7907359188758034,0.7542857141942956,0.61255742728888,1.2727272727272734,0.44470305399756177,38
588,0.7370152117364717,0.6946341462059312,0.7534456355318759,1.2727272727272734,0.5495332149660092,35
589,0.3807043990666773,0.37184668987865754,0.4532924961663284,0.22727272727272735,0.649256162124752,41
590,0.5193915307521505,0.5006271776584268,0.29402756508665656,0.22727272727272735,0.7414716328701344,51
591,0.41085377553338803,0.39247386763074626,0.49617151607569293,0.49999999999999917,0.8237921235996641,65
592,0.5155543373850562,0.48891986058752857,0.3736600306264932,0.49999999999999917,0.8939024891720347,55
593,0.41030560502496594,0.38634146333926334,0.32465543643823613,0.49999999999999917,0.9496252175079058,54
594,0.6306701383979098,0.5892682925679584,0.8637059724661734,0.7272727272727265,0.9889913793314894,62
595,0.6005207619311991,0.5736585364734349,0.5084226646334764,0.49999999999999917,1.0103172530528155,64
596,0.40098670684225346,0.3707317072447398,-0.1531393568436576,0.0,1.0122866247907687,56
597,0.45251473206301196,0.4225783971858313,0.30015313936554905,0.0,0.9940387635370207,65
598,0.5078799506508661,0.4839024389299855,0.31240428792333247,0.7272727272727265,0.9552620714605247,71
599,-0.030971632190971283,-0.04794425091746612,-0.20826952526792586,-1.2727272727272734,0.8962934093527469,75
600,0.1828148554262541,0.16724738689419474,-0.26952526801396637,-0.2727272727272735,0.8182230972140488,71
601,0.05399479239354282,0.04404181189384078,-0.29402756508665195,0.0,0.7230055899802543,72
602,-0.5440592024032446,-0.5836933797885653,-0.3736600306264917,0.0,0.6135758283904904,47
603,-0.7907359188758034,-0.8629965153438482,-0.8269525268356968,-1.0,0.49397126499537214,27
604,0.13786487596121272,0.12153310124458622,-0.38591117918427514,0.0,0.36945956530623203,35
605,0.03371248457959541,0.025087107897541965,-0.6921898928287136,0.0,0.24667198408502317,25
606,0.15430999040806578,0.13658536582699773,-0.661562021477134,0.0,0.1337424167749208,19
607,-0.39221597916796236,-0.37686411153624494,-0.7228177641802918,-1.0,0.14971853037972002,37
608,-0.25078799505549443,-0.23637630668559967,-0.7534456355747542,-0.5000000000000008,0.05543607787820401,38
609,-0.5040427572837711,-0.5078745641936098,-0.8085758039990224,-0.7727272727272727,-0.019901231202759023,34
610,-0.491434836242385,-0.48167247366212795,-0.42879019909363975,-0.2727272727272735,-0.08159347490737089,26
611,-0.6312183089063319,-0.6243902437806308,-0.667687595756025,-0.5000000000000008,-0.1338386806791264,19
612,-0.804988351365712,-0.8206271775959928,-0.961715160842683,-1.0,-0.17985483040505543,18
613,-0.7973139646315219,-0.8122648080366746,-0.7718223583685503,-1.0,-0.2219961903192067,22
614,-0.7293408250022816,-0.7420209056113519,-0.612557427288877,-0.7727272727272727,-0.26186396576537285,16
615,-1.242976565684605,-1.3452264805180438,-0.8637059724661704,-0.7727272727272727,-0.30041128081905755,18
616,-1.1706180622182194,-1.246550522293404,-0.7534456355747542,-1.0,-0.3380424827686836,6
617,-0.883376730156137,-0.9232055748442802,-0.5880551301733116,-0.2727272727272735,-0.37470677145604336,12
618,-0.8455529669552362,-0.8702439022692489,-0.612557427288877,-1.0,-0.4099861534759889,6
619,-0.7145402220039516,-0.7431358882452695,-0.1960183767530222,-0.2727272727272735,-0.4431777212353657,6
620,-0.5232287241192469,-0.5435540069183499,-0.4226646248147457,-0.5000000000000008,-0.4733702568711876,3
621,-0.23927641495420865,-0.24027874570922503,-0.04287901990936306,0.0,-0.4995151610280508,7
622,-1.2254351102976522,-1.3212543552544418,-0.7534456355747542,-0.5000000000000008,-0.5204917064947946,6
623,-0.17788132108068683,-0.17059233440575244,-0.6493108729193505,-0.5000000000000008,-0.5351666167003957,1
624,-0.11374537481854222,-0.11149825792947796,-0.3246554364811144,0.0,-0.542447969069113,3
625,-0.200904481283257,-0.19400696854752664,-0.3307810107171271,0.0,-0.5413334232348669,2
626,-0.4004385363722033,-0.39247386763076847,-0.4594180704452193,-0.5000000000000008,-0.5309527741148653,2
627,-0.07866246404463544,-0.06745644603561499,0.21439509954681987,0.22727272727272735,-0.5106048298424654,1
628,-0.028778950272399368,-0.026202090531481845,0.41041347625696534,0.22727272727272735,-0.4797886145592818,10
629,0.3171166232745822,0.2999303136975672,0.5267993874701523,0.22727272727272735,-0.4382288960665365,3
630,0.35877757980420744,0.34787456461505545,0.5329249617061651,0.7272727272727265,-0.38589603833564695,3
631,0.3719336713540156,0.3707317072447398,0.5635528331006275,0.7272727272727265,-0.32302017887805334,1
632,0.20145265175330784,0.2118466899098856,0.15926493107967335,0.0,-0.25009973097429544,1
633,0.21734959573011006,0.24027874570920282,0.48392036756078777,1.0,-0.16790421076233286,2
634,0.23050568727991688,0.2413937283431427,0.40428790197807435,0.22727272727272735,-0.07747138918508552,6
635,0.3746745237810097,0.3796515679259304,0.45941807044522237,0.49999999999999917,0.019901231202759023,3
636,0.16417705906082913,0.1817421603547784,0.43491577337253373,0.22727272727272735,0.12267061456870304,3
637,0.6197067287666749,0.6009756096388345,0.5451761102639501,0.7272727272727265,0.22906806527716655,5
638,0.5254214060378195,0.5056445993159698,0.539050535985056,1.0,0.3371247765049742,4
639,0.587912840889813,0.5658536584261842,0.6554364471982446,0.49999999999999917,0.44470305399756177,7
640,0.5424146909547221,0.5279442508238263,0.3369065849960211,0.22727272727272735,0.5495332149660092,6
641,0.4377141291030539,0.4270383273313067,0.61255742728888,0.7272727272727265,0.649256162124752,5
642,0.48595313142676755,0.4515679441070208,0.12251148544920126,0.0,0.7414716328701344,7
643,0.5215842126707239,0.4978397212687191,0.8330781010717141,0.7272727272727265,0.8237921235996641,6
644,0.6980951075570992,0.6544947733357158,0.6186830015248942,0.22727272727272735,0.8939024891720347,4
645,0.5418665204846727,0.5017421602923444,0.42266462481474876,0.49999999999999917,0.9496252175079058,4
646,0.7068658352697623,0.6561672474817455,0.2388973966195085,0.0,0.9889913793314894,7
647,0.5215842126707239,0.486689895319671,0.31240428792333247,0.49999999999999917,1.0103172530528155,9
648,0.4289434013903909,0.40250871094585455,0.1408882082858772,0.22727272727272735,1.0122866247907687,5
649,0.48814581334534085,0.46383275268998664,0.3307810107171302,0.49999999999999917,0.9940387635370207,5
650,0.32862820337586796,0.3094076655006078,0.1408882082858772,0.22727272727272735,0.9552620714605247,10
651,0.16636974097940105,0.1583275262130042,0.07350689126094571,0.22727272727272735,0.8962934093527469,6
652,-0.005207619561407092,0.0,0.04287901990936458,0.0,0.8182230972140488,13
653,0.1943264355275385,0.1934494774256544,0.0,0.22727272727272735,0.7230055899802543,6
654,0.2601068932382069,0.25198606278010105,-0.09800918837650957,-0.5000000000000008,0.6135758283904904,5
655,-0.09730026037168915,-0.0942160276889469,-0.33690658499601805,-0.5000000000000008,0.49397126499537214,5
656,-0.19377826505748905,-0.18285714259847852,-0.49004594183967876,-0.5000000000000008,0.36945956530623203,9
657,-0.35055502259996724,-0.33951219505571495,-0.5513016845428379,-0.5000000000000008,0.24667198408502317,3
658,-0.2579142113196336,-0.2503135886340935,-0.6493108729193505,-0.2727272727272735,0.1337424167749208,6
659,-0.37851171714810466,-0.41588850177254266,-0.9249617152122094,-0.7727272727272727,0.14971853037972002,11
660,-0.3423324653957263,-0.3289198606187566,-0.7534456355747542,-0.7727272727272727,0.05543607787820401,7
661,-0.47773057422252735,-0.4799999999063602,-0.6370597243615655,-1.0,-0.019901231202759023,7
662,-0.47279703987696003,-0.4599303132761215,-0.6554364471982416,-0.7727272727272727,-0.08159347490737089,15
663,-0.43442510620600905,-0.4331707316228118,-0.8085758039990224,-1.0,-0.1338386806791264,9
664,-0.46128545977567426,-0.4643902438118367,-0.8637059724661704,-0.7727272727272727,-0.17985483040505543,6
665,-0.35219953404848897,-0.33951219505571495,-0.7779479326474428,-0.5000000000000008,-0.2219961903192067,6
666,-0.5610524873201478,-0.5547038324771583,-0.6983154671076061,-1.0,-0.26186396576537285,6
667,-0.6284774564793365,-0.6216027873909231,-0.6799387442709302,-0.7727272727272727,-0.30041128081905755,7
668,-0.751815814696431,-0.7693379787767515,-0.8269525268356968,-1.0,-0.3380424827686836,10
669,-0.515006166915006,-0.5223693376541935,-0.2879019908077625,-0.5000000000000008,-0.37470677145604336,8
670,-0.7474304508592852,-0.7659930312651938,-0.3246554364811144,-0.5000000000000008,-0.4099861534759889,7
671,-0.6180622173565237,-0.6422299651430119,-0.12251148544919821,0.0,-0.4431777212353657,12
672,-0.42291352610472327,-0.43540069689066935,-0.22052067382571083,-0.2727272727272735,-0.4733702568711876,3
673,-0.3571330683940563,-0.3528919858823809,-0.34915773355380303,0.0,-0.4995151610280508,2
674,-0.17294778677349076,-0.17170731703967015,-0.33690658499601805,0.0,-0.5204917064947946,7
675,0.02055639302978721,0.013937282338733597,-0.7963246554841172,-1.0,-0.5351666167003957,5
676,0.00027408525421105095,0.0,-0.12251148544919821,0.22727272727272735,-0.542447969069113,5
677,-0.12087159108268143,-0.10425087100405515,0.18376722819524025,0.22727272727272735,-0.5413334232348669,7
678,-0.34616965876282135,-0.3300348432526965,-0.13476263400698318,0.0,-0.5309527741148653,7
679,-0.09949294229026244,-0.10257839724828739,-0.06738131702492996,0.0,-0.5106048298424654,7
680,0.22721666438287338,0.2224390243468439,0.23277182234061755,0.0,-0.4797886145592818,7
681,0.026586268315454836,0.042369338138073025,0.32465543643823613,0.0,-0.4382288960665365,10
682,-0.028230779763977268,-0.019512195118148872,0.07963246553983667,0.0,-0.38589603833564695,13
683,0.07318075922901865,0.0719163761810682,0.11026033689141629,0.49999999999999917,-0.32302017887805334,10
684,0.35384404549701143,0.35344947739444854,0.34915773355380764,0.7272727272727265,-0.25009973097429544,14
685,0.35000685212991706,0.3573519164180739,0.61255742728888,0.7272727272727265,-0.16790421076233286,11
686,0.2513361655255439,0.25477351916980867,0.35528330783269707,0.49999999999999917,-0.07747138918508552,20
687,0.342332465395727,0.3389547039338649,0.11026033689141629,-0.5000000000000008,0.019901231202759023,25
688,0.3171166232745822,0.33003484325267435,0.3981623277420601,0.22727272727272735,0.12267061456870304,17
689,0.5780457722370497,0.5647386757922664,0.2817764165288731,0.7272727272727265,0.22906806527716655,18
690,0.5309031108534363,0.5240418118002009,0.36753445634760074,1.0,0.3371247765049742,25
691,0.5040427572837705,0.48501742156390326,0.30627871364444154,0.7272727272727265,0.44470305399756177,21
692,0.47170069889848776,0.45435540049670625,0.3981623277420601,0.49999999999999917,0.5495332149660092,31
693,0.6673975606203391,0.6249477352926984,0.30015313936554905,0.22727272727272735,0.649256162124752,32
694,0.8197889543640426,0.769337979166969,0.20214395098903792,0.7272727272727265,0.7414716328701344,26
695,0.6920652322714317,0.6483623694344727,0.6493108729193536,1.0,0.8237921235996641,35
696,0.5626969987686695,0.5184668990207857,0.7105666156225128,1.0,0.8939024891720347,28
697,0.7085103467182834,0.6528222995799481,0.35528330783269707,-0.2727272727272735,0.9496252175079058,37
698,0.7644237357761884,0.7102439023004548,0.5941807044522056,1.0,0.9889913793314894,41
699,0.40372755926924747,0.36571428558719676,0.3797856049053857,0.7272727272727265,1.0103172530528155,34
700,0.6345073317650042,0.5825783971546254,-0.036753445630470574,0.0,1.0122866247907687,30
701,0.5637933397087712,0.5240418118002009,0.34915773355380764,0.49999999999999917,0.9940387635370207,39
702,0.508428121120917,0.4699651565912298,0.25114854517729346,0.49999999999999917,0.9552620714605247,39
703,0.24475811976982542,0.21574912893351092,0.06738131698205323,-0.2727272727272735,0.8962934093527469,39
704,0.5095244620993886,0.4755400697608626,-0.02450229711556538,0.0,0.8182230972140488,34
705,0.5901055228083862,0.5402090590165524,-0.39203675346316613,0.49999999999999917,0.7230055899802543,30
706,0.1515691379810704,0.12209059236641409,-0.5329249617490434,0.0,0.6135758283904904,37
707,-0.24092092640273108,-0.24919860600015362,-0.44104134765142167,-0.5000000000000008,0.49397126499537214,29
708,-0.13950938740973515,-0.1622299652366517,-0.6738131699920392,-0.2727272727272735,0.36945956530623203,26
709,-0.1696587638764459,-0.17728222981908542,-0.5880551301733116,-0.2727272727272735,0.24667198408502317,15
710,-0.17514046869206404,-0.16445993011426951,-0.5145482389123673,-0.7727272727272727,0.1337424167749208,22
711,-0.10733944278340558,-0.13175557295937967,-0.08908429252090716,-0.09061583577712769,0.14971853037972002,15
712,-1.1322461285472685,-1.1991637628880056,-1.2128637060199734,-1.0,0.05543607787820401,20
713,-0.604357955336666,-0.605435539784332,-1.2312404288137713,-1.2727272727272734,-0.019901231202759023,14
714,-0.6794573112300455,-0.6951916373278034,-1.1516079632739313,-1.0,-0.08159347490737089,10
715,-0.9370974372954681,-1.0023693375605314,-1.10872894336457,-1.2727272727272734,-0.1338386806791264,21
716,-0.7255036316351866,-0.7453658535131272,-0.955589586563789,-1.545454545454547,-0.17985483040505543,14
717,-0.7512676442263801,-0.752613240048288,-0.9984686064731536,-1.2727272727272734,-0.2219961903192067,14
718,-0.836234068772523,-0.8496167245171823,-0.8637059724661704,-1.0,-0.26186396576537285,9
719,-0.7013841304541442,-0.7135888498119903,-1.298621745838701,-1.545454545454547,-0.30041128081905755,11
720,-0.6778127997815238,-0.7029965153750541,-0.8820826953028449,-1.0,-0.3380424827686836,5
721,-1.2128271892562654,-1.2727526128248636,-0.7656967840896578,-0.7727272727272727,-0.37470677145604336,6
722,-0.4760860627740042,-0.4666202090797164,-0.5574272588217304,-1.0,-0.4099861534759889,7
723,-0.5731122378914837,-0.57979094076494,-0.7105666156653896,-0.7727272727272727,-0.4431777212353657,11
724,-0.8099218857112792,-0.845156794371707,-1.0781010720129902,-1.0,-0.4733702568711876,4
725,-0.7967657941614718,-0.8289895467651157,-0.7779479326474428,-1.0,-0.4995151610280508,3
726,-0.4157873098405841,-0.4348432053785795,-0.5390505360279343,0.0,-0.5204917064947946,2
727,-0.8323968754054281,-0.8836236930959148,-0.5880551301733116,-0.5000000000000008,-0.5351666167003957,6
728,-0.15814718377516013,-0.15554006943307896,-0.4532924962092051,0.0,-0.542447969069113,10
729,-0.41523913937053325,-0.41644599289437056,-0.4042879020209511,-0.2727272727272735,-0.5413334232348669,7
730,-0.03919418939521219,-0.030104529555107184,-0.20826952526792586,0.0,-0.5309527741148653,5
731,-0.119227079634159,-0.11428571431916341,-0.5022970903545824,0.0,-0.5106048298424654,3
732,-0.03535699602811784,-0.039024390236297744,-1.0290964778247347,-0.5000000000000008,-0.4797886145592818,12
733,0.40263121829077586,0.38968641124103864,0.3185298621593452,0.0,-0.4382288960665365,13
734,0.2469508016883987,0.2553310102916365,0.35528330783269707,0.49999999999999917,-0.38589603833564695,10
735,0.4420994929401991,0.44543554020577764,0.4777947932818968,0.0,-0.32302017887805334,13
736,0.3691928189653915,0.3779790941701405,0.43491577337253373,0.49999999999999917,-0.25009973097429544,13
737,0.4294915718604418,0.4331707316228118,0.48392036756078777,0.22727272727272735,-0.16790421076233286,8
738,0.34397697684424805,0.344529616713258,0.26339969373507693,0.22727272727272735,-0.07747138918508552,21
739,0.5451555433817161,0.5268292681898864,0.4410413476514247,1.0,0.019901231202759023,18
740,0.2601068932382069,0.25310104541401873,0.3430321592749121,0.49999999999999917,0.12267061456870304,8
741,0.5659860216273431,0.5368641115049947,0.35528330783269707,0.49999999999999917,0.22906806527716655,7
742,0.46841167603981415,0.449895470351253,0.5635528331006275,0.7272727272727265,0.3371247765049742,20
743,0.378511717148104,0.37184668987865754,0.7411944870169722,0.7272727272727265,0.44470305399756177,14
744,0.7452377689407126,0.7108013938125446,0.7656967840896609,0.7272727272727265,0.5495332149660092,14
745,0.6520487871519576,0.6271777001703163,0.7901990811623495,1.0,0.649256162124752,7
746,0.38015622859662646,0.3679442508550322,0.6003062787310965,0.7272727272727265,0.7414716328701344,14
747,0.7233109496782427,0.6645296166508241,0.7595712098107699,1.0,0.8237921235996641,10
748,0.79512128271295,0.7247386757610385,0.61255742728888,0.7272727272727265,0.8939024891720347,13
749,0.695902425638526,0.6377700346072745,0.006125574278894011,0.22727272727272735,0.9496252175079058,27
750,0.43442510620600905,0.40250871094585455,0.8269525268356999,0.7272727272727265,0.9889913793314894,13
751,0.4760860627740042,0.4437630660597701,0.45941807044522237,0.7272727272727265,1.0103172530528155,18
752,0.6027134438881436,0.5530313587213683,0.3920367534631692,0.49999999999999917,1.0122866247907687,16
753,0.3313690557644907,0.30216027857518496,0.45941807044522237,0.49999999999999917,0.9940387635370207,16
754,0.35768123886410713,0.31721254354785844,0.12251148544920126,0.49999999999999917,0.9552620714605247,20
755,-0.005207619561407092,-0.0278745642872496,-0.06738131702492996,0.0,0.8962934093527469,17
756,0.07921063451468355,0.05909407686651426,0.012251148557784976,0.49999999999999917,0.8182230972140488,4
757,0.0671508839049784,0.04292682925992308,-0.37978560490538266,0.22727272727272735,0.7230055899802543,15
758,-0.7331780183693766,-0.7771428568240021,-0.37978560490538266,0.22727272727272735,0.6135758283904904,8
759,-0.6405372070506724,-0.666202090406614,-0.6738131699920392,-0.7727272727272727,0.49397126499537214,6
760,-0.8148554200184753,-0.8479442507613923,-0.8820826953028449,-1.0,0.36945956530623203,12
761,-0.08085514596320598,-0.0758188152047379,-0.4042879020209511,0.0,0.24667198408502317,15
762,0.12141976155273228,0.11484320544099128,-0.41653905053585477,0.0,0.1337424167749208,11
763,-0.10733944278340558,-0.13175557295937967,-0.08908429252090716,-0.09061583577712769,0.04045212607171476,10
764,-0.986432780597654,-1.0441811845767766,-0.955589586563789,-0.7727272727272727,0.14971853037972002,15
765,-0.6865835274558142,-0.6946341462059534,-0.8637059724661704,-0.2727272727272735,0.05543607787820401,17
766,-0.4453885158372433,-0.44432055718159796,-0.8514548239083854,-0.5000000000000008,-0.019901231202759023,7
767,-1.0516650678382709,-1.1450871076790343,-1.4823889740339413,-2.2727272727272734,-0.08159347490737089,7
768,-1.1750034260553655,-1.2671777000454705,-1.500765696827739,-1.545454545454547,-0.1338386806791264,8
769,-1.714951349837304,-1.943414633767193,-1.6722817764651943,-1.545454545454547,-0.17985483040505543,9
770,-1.544470330274968,-1.720975609420349,-1.6294027565558298,-1.7727272727272743,-0.2219961903192067,12
771,-1.3778265040413558,-1.5074564457546733,-1.169984686110609,-0.5000000000000008,-0.26186396576537285,12
772,-0.7989584760800443,-0.8479442507613923,-0.9372128637271115,-1.2727272727272734,-0.30041128081905755,5
773,-0.6246402631122415,-0.654494773335738,-0.5145482389123673,-1.2727272727272734,-0.3380424827686836,4
774,-0.9782102233550425,-1.0386062714071438,-0.5880551301733116,-1.2727272727272734,-0.37470677145604336,11
775,-0.8302041934868561,-0.8702439022692489,-0.34915773355380303,-1.2727272727272734,-0.4099861534759889,4
776,-0.40263121829077586,-0.3913588849968286,0.1163859111703103,-0.2727272727272735,-0.4431777212353657,5
777,-0.20254899273177943,-0.20236933771662738,0.03675344563047362,-0.2727272727272735,-0.4733702568711876,7
778,-0.19816362889463424,-0.19512195118144435,0.07963246553983667,0.0,-0.4995151610280508,1
779,0.08578868027040339,0.07860627198466313,0.41041347625696534,-0.2727272727272735,-0.5204917064947946,1
780,0.05070576949649796,0.03567944272474005,-0.18376722819523722,0.0,-0.5351666167003957,4
781,0.05015759902644711,0.041811846625983196,0.06738131698205323,0.22727272727272735,-0.542447969069113,2
782,-0.06112100861931078,-0.05742160272050673,0.03675344563047362,0.22727272727272735,-0.5413334232348669,6
783,0.26887762095086853,0.24529616736676804,-0.4042879020209511,-0.2727272727272735,-0.5309527741148653,3
784,0.6345073317650042,0.5669686410601019,0.5022970903545855,0.49999999999999917,-0.5106048298424654,4
785,0.9113334246659025,0.8395818815922916,0.6983154671076076,1.0,-0.4797886145592818,10
786,0.5117171440179605,0.48445993044207536,0.6493108729193536,0.7272727272727265,-0.4382288960665365,12
787,0.4590927778571017,0.4281533099652466,0.12863705972809222,0.49999999999999917,-0.38589603833564695,21
788,0.8477456488738088,0.7849477352614925,1.206738131741087,1.0,-0.32302017887805334,26
789,0.772646292980428,0.7286411147846638,0.7840735069263368,0.7272727272727265,-0.25009973097429544,21
790,0.7879950664488095,0.7481533099028126,0.7779479326474473,1.0,-0.16790421076233286,30
791,0.6432780594776671,0.6059930312963996,0.5267993874701523,0.7272727272727265,-0.07747138918508552,45
792,0.6328628203164831,0.5987456443709768,0.5022970903545855,0.49999999999999917,0.019901231202759023,56
793,0.8757023434219463,0.8323344946668688,0.7350689127380813,0.49999999999999917,0.12267061456870304,75
794,0.7671645881648111,0.7197212541034732,0.7411944870169722,1.0,0.22906806527716655,83
795,0.8082773742627568,0.7492682925367525,0.9678407350786957,1.2727272727272734,0.3371247765049742,82
796,0.7244072906567143,0.6795818816235197,0.9065849923755366,1.2727272727272734,0.44470305399756177,126
797,0.5150061669150067,0.48613240419782094,0.30627871364444154,0.0,0.5495332149660092,119
798,0.7808688501846688,0.7180487803477055,0.3736600306264932,-0.2727272727272735,0.649256162124752,137
799,0.508428121120917,0.46662020907969426,0.7044410413436218,0.7272727272727265,0.7414716328701344,131
800,1.0006852130875632,0.916515679430925,0.8698315467450645,0.7272727272727265,0.8237921235996641,112
801,0.6421817184991943,0.6059930312963996,0.5880551301733131,0.7272727272727265,0.8939024891720347,82
802,0.7183774153710467,0.6561672474817455,0.606431853009989,1.0,0.9496252175079058,73
803,0.6394408661105715,0.5892682925679584,0.3430321592749121,0.22727272727272735,0.9889913793314894,43
804,0.46183363024572444,0.42926829259916427,-0.08575803981872764,0.0,1.0103172530528155,55
805,0.8159517609969469,0.733658536442229,0.35528330783269707,0.22727272727272735,1.0122866247907687,55
806,0.828559682038333,0.7570731705840031,0.32465543643823613,0.49999999999999917,0.9940387635370207,53
807,0.5785939427071005,0.5402090590165524,0.3185298621593452,0.49999999999999917,0.9552620714605247,46
808,0.5358366451990036,0.5078745645838496,0.2817764165288731,0.22727272727272735,0.8962934093527469,43
809,0.3094422365403921,0.2915679441382266,-0.02450229711556538,0.22727272727272735,0.8182230972140488,29
810,-0.10881184047297493,-0.12878048777974707,-0.29402756508665195,-0.2727272727272735,0.7230055899802543,22
811,-0.10004111279868318,-0.1259930313900616,-0.4226646248147457,0.0,0.6135758283904904,26
812,-0.8921474578687993,-0.9488501738636722,-0.955589586563789,-1.0,0.49397126499537214,13
813,-0.4262025490017681,-0.4348432053785795,-0.7534456355747542,-0.7727272727272727,0.36945956530623203,17
814,-0.49856105246815363,-0.5106620205832952,-1.10872894336457,-1.0,0.24667198408502317,8
815,-0.30889406607034264,-0.2982578395515818,-0.5696784073795139,-0.7727272727272727,0.1337424167749208,13
816,-0.6251884335822924,-0.6411149825090721,-1.0964777948496647,-1.0,0.14971853037972002,10
817,-0.867479786217706,-0.9126132400170821,-1.3537519143058492,-1.7727272727272743,0.05543607787820401,17
818,-0.39824585445363,-0.4019512194337869,-1.0719754977340994,-1.0,-0.019901231202759023,19
819,-0.7424969165520898,-0.7548432053161456,-1.2557427259293366,-1.0,-0.08159347490737089,9
820,-1.1404686857515094,-1.209756097324964,-1.6294027565558298,-1.7727272727272743,-0.1338386806791264,9
821,-0.7419487460436683,-0.7765853657021521,-1.41500765700901,-1.545454545454547,-0.17985483040505543,9
822,-0.5950390571539529,-0.6004181181267667,-1.0597243491763144,-1.2727272727272734,-0.2219961903192067,3
823,-0.937645607765519,-0.9661324041042033,-1.010719755030937,-0.7727272727272727,-0.26186396576537285,7
824,-1.1053857749776026,-1.165156794309273,-0.8208269525568058,-0.7727272727272727,-0.30041128081905755,7
825,-0.8959846512358943,-0.9276655049897556,-0.7228177641802918,-0.7727272727272727,-0.3380424827686836,0
826,-1.2018637796250313,-1.2939372820890422,-0.7289433384591872,-0.5000000000000008,-0.37470677145604336,2
827,-0.7710017815319061,-0.796655051942151,-0.6554364471982416,-0.5000000000000008,-0.4099861534759889,3
828,-0.7271481430837097,-0.7492682925367525,-0.23889739666238524,-0.2727272727272735,-0.4431777212353657,3
829,-0.39824585445363,-0.4013937279216971,-0.7656967840896578,-0.7727272727272727,-0.4733702568711876,1
830,-0.4859531314267682,-0.4972822297566515,-0.5819295559372973,-0.2727272727272735,-0.4995151610280508,3
831,-0.37083733041391465,-0.3880139370950311,-0.2266462481046018,0.0,-0.5204917064947946,3
832,-0.38344525145530006,-0.3935888498744242,-0.38591117918427514,0.0,-0.5351666167003957,3
833,-0.2716184733394913,-0.2809756097012905,-0.3062787136444385,-0.2727272727272735,-0.542447969069113,7
834,-0.7085103467182847,-0.7537282226822279,-0.545176110263947,-0.2727272727272735,-0.5413334232348669,3
835,0.34616965876282135,0.33114982588659203,0.25727411945618445,0.22727272727272735,-0.5309527741148653,5
836,0.368644648495342,0.3584668990519916,0.7779479326474473,0.7272727272727265,-0.5106048298424654,11
837,0.17568863916211352,0.1817421603547784,0.5880551301733131,0.7272727272727265,-0.4797886145592818,5
838,0.2425654378512535,0.2363763066855775,0.7289433384591888,0.7272727272727265,-0.4382288960665365,5
839,0.36535562559829715,0.35679442490598406,0.7411944870169722,0.22727272727272735,-0.38589603833564695,6
840,0.48321227899977354,0.46662020907969426,0.36753445634760074,0.49999999999999917,-0.32302017887805334,6
841,0.7057694942912893,0.6689895467962994,0.2817764165288731,0.0,-0.25009973097429544,4
842,0.4157873098405827,0.4181184670403781,0.31240428792333247,0.0,-0.16790421076233286,4
843,0.5309031108534363,0.5201393727765534,0.2695252680139679,0.0,-0.07747138918508552,8
844,0.45251473206301196,0.4448780486936878,0.1163859111703103,0.0,0.019901231202759023,14
845,0.5276140879563914,0.5134494773632426,0.5941807044522056,0.49999999999999917,0.12267061456870304,12
846,0.6120323420324848,0.5898257840800483,0.26339969373507693,0.0,0.22906806527716655,16
847,0.4508702206144895,0.4381881532803548,0.09800918837651262,0.49999999999999917,0.3371247765049742,10
848,0.5736604083615332,0.5435540069183277,0.61255742728888,0.7272727272727265,0.44470305399756177,16
849,0.6427298889692451,0.6065505224182275,0.3307810107171302,0.49999999999999917,0.5495332149660092,18
850,0.6909688913313313,0.6567247386035734,0.3920367534631692,0.22727272727272735,0.649256162124752,15
851,0.6021652733797215,0.5597212541346791,0.5696784073795169,0.7272727272727265,0.7414716328701344,23
852,0.5950390571539536,0.5519163760874284,0.5635528331006275,0.49999999999999917,0.8237921235996641,17
853,0.5287104289348644,0.4972822297566293,0.6921898928287167,0.49999999999999917,0.8939024891720347,33
854,0.6010689324396211,0.566411149938274,0.7473200612529849,1.0,0.9496252175079058,15
855,0.4486775386959176,0.42926829259916427,0.7044410413436218,0.7272727272727265,0.9889913793314894,13
856,0.5489927367488118,0.5140069684850928,0.6370597243615687,0.49999999999999917,1.0103172530528155,11
857,0.5994244209910987,0.5452264806741176,0.490045941796802,0.49999999999999917,1.0122866247907687,14
858,0.6246402631122422,0.5580487803789335,0.3859111791842767,0.22727272727272735,0.9940387635370207,17
859,0.8115663971214304,0.7487108014148803,0.551301684542841,1.0,0.9552620714605247,19
860,0.30121967929778,0.27986062706735065,0.3307810107171302,0.7272727272727265,0.8962934093527469,20
861,-0.1411538988582576,-0.14996515665368587,-0.012251148557781928,0.22727272727272735,0.8182230972140488,12
862,-0.28861175825639523,-0.3088501739885401,-0.07350689126094266,0.0,0.7230055899802543,21
863,0.19706728791616127,0.1828571429886961,0.08575803981872916,-0.2727272727272735,0.6135758283904904,7
864,-0.33082088529444054,-0.34062717768963263,-0.545176110263947,-0.2727272727272735,0.49397126499537214,19
865,0.059476497170788345,0.056306620086566846,-0.29402756508665195,0.0,0.36945956530623203,10
866,-0.3511031931083886,-0.3495470383708454,-0.5513016845428379,-0.2727272727272735,0.24667198408502317,13
867,-0.4744415513254825,-0.4738675956148773,-0.7963246554841172,-0.5000000000000008,0.14971853037972002,10
868,-0.658626832946048,-0.6583972123593633,-0.912710566654426,-0.7727272727272727,0.05543607787820401,8
869,-0.561600657790198,-0.5586062715007836,-0.961715160842683,-1.0,-0.019901231202759023,21
870,-0.851034671770853,-0.8713588849031666,-0.9494640122848981,-0.7727272727272727,-0.08159347490737089,11
871,-1.0242565437601836,-1.073170731497944,-0.912710566654426,-1.0,-0.1338386806791264,9
872,-0.6635603672532433,-0.666759581528464,-0.6921898928287136,-0.7727272727272727,-0.17985483040505543,14
873,-0.6323146498464316,-0.6321951218278815,-0.4532924962092051,-0.7727272727272727,-0.2219961903192067,14
874,-0.6679457311287598,-0.6857142855247629,-0.34303215927491054,-0.5000000000000008,-0.26186396576537285,15
875,-0.48759764287529,-0.48501742156390326,-0.6799387442709302,-0.7727272727272727,-0.30041128081905755,18
876,-0.43552144718448066,-0.4365156791343473,-0.28177641657174984,-0.2727272727272735,-0.3380424827686836,16
877,-0.5561189529745805,-0.5569337977450158,-0.21439509954681987,-0.5000000000000008,-0.37470677145604336,12
878,-0.638892695640522,-0.654494773335738,-0.1531393568436576,-0.2727272727272735,-0.4099861534759889,20
879,-0.4185281622675781,-0.4181184666501383,-0.036753445630470574,0.0,-0.4431777212353657,8
880,-0.790187748367382,-0.8496167245171823,-0.6921898928287136,-0.5000000000000008,-0.4733702568711876,3
881,-0.7381115526765734,-0.8050174215014693,-0.355283307832694,-1.0,-0.4995151610280508,13
882,-0.37522269425105914,-0.3668292682211145,0.2205206738257139,0.0,-0.5204917064947946,4
883,0.028778950234028114,0.017282229850269105,-0.14701378256476663,-0.5000000000000008,-0.5351666167003957,1
884,-0.00575579006982783,0.008362369559340504,-0.42879019909363975,-0.2727272727272735,-0.542447969069113,10
885,0.04412772370240823,0.0362369338465901,0.04900459418825707,0.22727272727272735,-0.5413334232348669,8
886,0.2979306564391063,0.2843205576030436,0.7656967840896609,0.7272727272727265,-0.5309527741148653,13
887,0.06660271343492756,0.0652264807677574,0.6615620214342572,0.49999999999999917,-0.5106048298424654,10
888,0.1630807180823562,0.15721254357908648,0.5329249617061651,0.49999999999999917,-0.4797886145592818,21
889,0.25901055225973396,0.25756097555949414,0.8514548239083884,0.22727272727272735,-0.4382288960665365,18
890,0.20638618609887513,0.20627177713047032,0.5696784073795169,0.49999999999999917,-0.38589603833564695,21
891,0.251884336033966,0.2491986063903934,0.7718223583685518,0.7272727272727265,-0.32302017887805334,34
892,0.42784706041191933,0.4264808362094788,0.8820826952599681,1.0,-0.25009973097429544,25
893,0.2612032342166785,0.2765156795557929,0.6983154671076076,0.7272727272727265,-0.16790421076233286,34
894,0.2798410305437322,0.28487804872491584,0.7105666156225128,0.7272727272727265,-0.07747138918508552,33
895,0.2584623817896831,0.2675958188746024,0.5819295558944206,0.7272727272727265,0.019901231202759023,40
896,0.5829793065442457,0.5563763066231435,0.5819295558944206,1.0,0.12267061456870304,42
897,0.24366177879135384,0.24027874570920282,0.606431853009989,0.7272727272727265,0.22906806527716655,36
898,0.6043579552982947,0.5731010453515848,0.6003062787310965,0.7272727272727265,0.3371247765049742,72
899,0.6060024667468172,0.5758885017412925,0.5022970903545855,0.22727272727272735,0.44470305399756177,75
900,0.5654378511572923,0.5285017419456541,0.5329249617061651,0.49999999999999917,0.5495332149660092,76
901,0.44812936822586674,0.4236933798197712,0.5022970903545855,0.49999999999999917,0.649256162124752,92
902,0.3982458544536307,0.38968641124103864,0.4716692190030043,0.49999999999999917,0.7414716328701344,71
903,0.3406879539472032,0.32836236949690656,0.7105666156225128,1.0,0.8237921235996641,112
904,0.4623818007157753,0.43484320537855736,0.46554364472411336,0.7272727272727265,0.8939024891720347,106
905,0.4410031519617275,0.4147735191385806,0.41041347625696534,0.7272727272727265,0.9496252175079058,101
906,0.4936275181609576,0.46662020907969426,0.3307810107171302,-0.2727272727272735,0.9889913793314894,170
907,0.5922982047269582,0.5418815331625599,0.3920367534631692,0.49999999999999917,1.0103172530528155,135
908,0.38892695627091683,0.3540069685162986,0.8085758039990254,0.7272727272727265,1.0122866247907687,106
909,0.1702069343464954,0.1666898953821049,0.3185298621593452,0.7272727272727265,0.9940387635370207,68
910,0.25736604084958276,0.2235540069807616,-0.4349157733725307,-0.2727272727272735,0.9552620714605247,48
911,0.17788132108068683,0.1527526134336111,0.09800918837651262,0.0,0.8962934093527469,48
912,0.09620391943158882,0.07470383296103779,-0.17151607963745527,0.0,0.8182230972140488,26
913,0.1362203645126903,0.11930313597670644,-0.13476263400698318,0.0,0.7230055899802543,33
914,-0.7918322598159044,-0.8178397212063074,-0.7595712098107669,-0.2727272727272735,0.6135758283904904,29
915,-0.4437440043887215,-0.45212543522887083,-0.5880551301733116,0.0,0.49397126499537214,17
916,-0.2694257914209194,-0.26257839721705933,-0.618683001567771,-0.2727272727272735,0.36945956530623203,12
917,-0.1872002192633993,-0.18341463411056833,-0.9188361409333184,-0.5000000000000008,0.24667198408502317,13
918,-0.5807866246256738,-0.5926132400795161,-0.912710566654426,-0.7727272727272727,0.1337424167749208,17
919,-0.7370152117364717,-0.7542857141942956,-0.7779479326474428,-0.2727272727272735,0.14971853037972002,15
920,-0.7107030286368566,-0.722508710493203,-0.961715160842683,-0.7727272727272727,0.05543607787820401,14
921,-0.8992736740945679,-0.9471777001079045,-1.1944869831832976,-1.0,-0.019901231202759023,15
922,-0.6778127997815238,-0.7068989543986794,-1.1516079632739313,-0.7727272727272727,-0.08159347490737089,10
923,-0.9299712210313289,-0.9717073168835965,-1.1332312404801383,-1.2727272727272734,-0.1338386806791264,9
924,-1.3838563793270242,-1.5258536582389046,-1.2863705972809192,-0.7727272727272727,-0.17985483040505543,2
925,-0.9458681650081304,-0.9778397211751015,-1.0352220521036257,-0.7727272727272727,-0.2219961903192067,6
926,-0.8800877072590921,-0.9025783970921915,-0.9923430321942627,-0.5000000000000008,-0.26186396576537285,8
927,-1.099355899691935,-1.1489895467026818,-1.0597243491763144,-0.7727272727272727,-0.30041128081905755,5
928,-0.9047553789101848,-0.9343554004030886,-0.9004594180966425,-0.7727272727272727,-0.3380424827686836,1
929,-1.1936412224207904,-1.2682926826793883,-0.8085758039990224,-0.2727272727272735,-0.37470677145604336,2
930,-1.1876113471351226,-1.264947734777613,-0.8637059724661704,-1.0,-0.4099861534759889,3
931,-1.223242428379079,-1.307874564037536,-0.9310872894482222,-0.7727272727272727,-0.4431777212353657,4
932,-0.8323968754054281,-0.8629965153438482,-0.41653905053585477,-0.2727272727272735,-0.4733702568711876,3
933,-1.0160339865559427,-1.0592334491592104,-0.9494640122848981,-0.5000000000000008,-0.4995151610280508,1
934,-1.1410168562215597,-1.238188153124281,-0.8147013782779149,-0.5000000000000008,-0.5204917064947946,3
935,-0.4453885158372433,-0.4554703831306683,-0.07350689126094266,0.22727272727272735,-0.5351666167003957,5
